Wed Feb  8 00:00:39 2017,-4.312,-3.937,0.375,False
Wed Feb  8 00:01:39 2017,-4.25,-4.0,0.25,False
Wed Feb  8 00:02:39 2017,-4.312,-4.0,0.312,False
Wed Feb  8 00:03:39 2017,-4.312,-4.0,0.312,False
Wed Feb  8 00:04:39 2017,-4.312,-4.0,0.312,False
Wed Feb  8 00:05:39 2017,-4.312,-4.0,0.312,False
Wed Feb  8 00:06:39 2017,-4.312,-4.0,0.312,False
Wed Feb  8 00:07:39 2017,-4.312,-4.0,0.312,False
Wed Feb  8 00:08:39 2017,-4.312,-4.0,0.312,False
Wed Feb  8 00:09:39 2017,-4.312,-4.0,0.312,False
Wed Feb  8 00:10:39 2017,-4.312,-4.0,0.312,False
Wed Feb  8 00:11:39 2017,-4.375,-4.0,0.375,False
Wed Feb  8 00:12:39 2017,-4.312,-4.0,0.312,False
Wed Feb  8 00:13:39 2017,-4.375,-4.0,0.375,False
Wed Feb  8 00:14:39 2017,-4.375,-4.0,0.375,False
Wed Feb  8 00:15:39 2017,-4.375,-4.0,0.375,False
Wed Feb  8 00:16:39 2017,-4.375,-4.0,0.375,False
Wed Feb  8 00:17:39 2017,-4.375,-4.0,0.375,False
Wed Feb  8 00:18:39 2017,-4.375,-3.937,0.438,False
Wed Feb  8 00:19:39 2017,-4.437,-3.937,0.5,False
Wed Feb  8 00:20:39 2017,-4.437,-3.937,0.5,False
Wed Feb  8 00:21:39 2017,-4.375,-4.0,0.375,False
Wed Feb  8 00:22:39 2017,-4.375,-4.0,0.375,False
Wed Feb  8 00:23:39 2017,-4.375,-4.0,0.375,False
Wed Feb  8 00:24:39 2017,-4.375,-4.0,0.375,False
Wed Feb  8 00:25:39 2017,-4.437,-4.0,0.437,False
Wed Feb  8 00:26:39 2017,-4.437,-4.062,0.375,False
Wed Feb  8 00:27:39 2017,-4.437,-4.062,0.375,False
Wed Feb  8 00:28:39 2017,-4.437,-4.062,0.375,False
Wed Feb  8 00:29:39 2017,-4.437,-4.062,0.375,False
Wed Feb  8 00:30:39 2017,-4.437,-4.0,0.437,False
Wed Feb  8 00:31:39 2017,-4.437,-4.0,0.437,False
Wed Feb  8 00:32:39 2017,-4.5,-4.062,0.438,False
Wed Feb  8 00:33:39 2017,-4.5,-4.062,0.438,False
Wed Feb  8 00:34:39 2017,-4.5,-4.062,0.438,False
Wed Feb  8 00:35:39 2017,-4.5,-4.0,0.5,False
Wed Feb  8 00:36:40 2017,-4.5,-4.062,0.438,False
Wed Feb  8 00:37:40 2017,-4.5,-4.062,0.438,False
Wed Feb  8 00:38:40 2017,-4.5,-4.062,0.438,False
Wed Feb  8 00:39:40 2017,-4.562,-4.125,0.437,False
Wed Feb  8 00:40:40 2017,-4.562,-4.125,0.437,False
Wed Feb  8 00:41:40 2017,-4.5,-4.062,0.438,False
Wed Feb  8 00:42:40 2017,-4.562,-4.125,0.437,False
Wed Feb  8 00:43:40 2017,-4.562,-4.062,0.5,False
Wed Feb  8 00:44:40 2017,-4.562,-4.062,0.5,False
Wed Feb  8 00:45:40 2017,-4.562,-4.062,0.5,False
Wed Feb  8 00:46:40 2017,-4.562,-4.062,0.5,False
Wed Feb  8 00:47:40 2017,-4.562,-4.125,0.437,False
Wed Feb  8 00:48:40 2017,-4.562,-4.125,0.437,False
Wed Feb  8 00:49:40 2017,-4.625,-4.187,0.438,False
Wed Feb  8 00:50:40 2017,-4.625,-4.125,0.5,False
Wed Feb  8 00:51:40 2017,-4.562,-4.125,0.437,False
Wed Feb  8 00:52:40 2017,-4.562,-4.125,0.437,False
Wed Feb  8 00:53:40 2017,-4.562,-4.187,0.375,False
Wed Feb  8 00:54:40 2017,-4.562,-4.187,0.375,False
Wed Feb  8 00:55:40 2017,-4.625,-4.125,0.5,False
Wed Feb  8 00:56:40 2017,-4.625,-4.187,0.438,False
Wed Feb  8 00:57:40 2017,-4.625,-4.187,0.438,False
Wed Feb  8 00:58:40 2017,-4.625,-4.187,0.438,False
Wed Feb  8 00:59:40 2017,-4.625,-4.187,0.438,False
Wed Feb  8 01:00:40 2017,-4.625,-4.187,0.438,False
Wed Feb  8 01:01:40 2017,-4.687,-4.187,0.5,False
Wed Feb  8 01:02:40 2017,-4.625,-4.187,0.438,False
Wed Feb  8 01:03:40 2017,-4.625,-4.125,0.5,False
Wed Feb  8 01:04:40 2017,-4.625,-4.187,0.438,False
Wed Feb  8 01:05:40 2017,-4.625,-4.187,0.438,False
Wed Feb  8 01:06:40 2017,-4.687,-4.187,0.5,False
Wed Feb  8 01:07:40 2017,-4.687,-4.187,0.5,False
Wed Feb  8 01:08:40 2017,-4.687,-4.187,0.5,False
Wed Feb  8 01:09:40 2017,-4.687,-4.187,0.5,False
Wed Feb  8 01:10:40 2017,-4.687,-4.187,0.5,False
Wed Feb  8 01:11:40 2017,-4.687,-4.187,0.5,False
Wed Feb  8 01:12:40 2017,-4.687,-4.187,0.5,False
Wed Feb  8 01:13:40 2017,-4.687,-4.187,0.5,False
Wed Feb  8 01:14:40 2017,-4.687,-4.25,0.437,False
Wed Feb  8 01:15:40 2017,-4.687,-4.25,0.437,False
Wed Feb  8 01:16:40 2017,-4.75,-4.25,0.5,False
Wed Feb  8 01:17:40 2017,-4.75,-4.25,0.5,False
Wed Feb  8 01:18:40 2017,-4.75,-4.25,0.5,False
Wed Feb  8 01:19:40 2017,-4.75,-4.25,0.5,False
Wed Feb  8 01:20:40 2017,-4.75,-4.25,0.5,False
Wed Feb  8 01:21:40 2017,-4.75,-4.25,0.5,False
Wed Feb  8 01:22:40 2017,-4.75,-4.312,0.438,False
Wed Feb  8 01:23:40 2017,-4.75,-4.25,0.5,False
Wed Feb  8 01:24:41 2017,-4.75,-4.25,0.5,False
Wed Feb  8 01:25:41 2017,-4.75,-4.25,0.5,False
Wed Feb  8 01:26:41 2017,-4.75,-4.312,0.438,False
Wed Feb  8 01:27:41 2017,-4.75,-4.312,0.438,False
Wed Feb  8 01:28:41 2017,-4.812,-4.312,0.5,False
Wed Feb  8 01:29:41 2017,-4.75,-4.25,0.5,False
Wed Feb  8 01:30:41 2017,-4.75,-4.25,0.5,False
Wed Feb  8 01:31:41 2017,-4.812,-4.25,0.562,False
Wed Feb  8 01:32:41 2017,-4.812,-4.25,0.562,False
Wed Feb  8 01:33:41 2017,-4.812,-4.25,0.562,False
Wed Feb  8 01:34:41 2017,-4.875,-4.25,0.625,False
Wed Feb  8 01:35:41 2017,-4.812,-4.25,0.562,False
Wed Feb  8 01:36:41 2017,-4.875,-4.25,0.625,False
Wed Feb  8 01:37:41 2017,-4.875,-4.312,0.563,False
Wed Feb  8 01:38:41 2017,-4.875,-4.25,0.625,False
Wed Feb  8 01:39:41 2017,-4.875,-4.312,0.563,False
Wed Feb  8 01:40:41 2017,-4.875,-4.25,0.625,False
Wed Feb  8 01:41:41 2017,-4.875,-4.25,0.625,False
Wed Feb  8 01:42:41 2017,-4.875,-4.25,0.625,False
Wed Feb  8 01:43:41 2017,-4.875,-4.25,0.625,False
Wed Feb  8 01:44:41 2017,-4.937,-4.187,0.75,False
Wed Feb  8 01:45:41 2017,-4.937,-4.187,0.75,False
Wed Feb  8 01:46:41 2017,-4.937,-4.187,0.75,False
Wed Feb  8 01:47:41 2017,-4.937,-4.25,0.687,False
Wed Feb  8 01:48:41 2017,-4.937,-4.25,0.687,False
Wed Feb  8 01:49:41 2017,-4.937,-4.25,0.687,False
Wed Feb  8 01:50:41 2017,-4.937,-4.25,0.687,False
Wed Feb  8 01:51:41 2017,-4.937,-4.25,0.687,False
Wed Feb  8 01:52:41 2017,-4.937,-4.25,0.687,False
Wed Feb  8 01:53:41 2017,-4.937,-4.25,0.687,False
Wed Feb  8 01:54:41 2017,-4.937,-4.312,0.625,False
Wed Feb  8 01:55:41 2017,-4.937,-4.25,0.687,False
Wed Feb  8 01:56:41 2017,-4.937,-4.25,0.687,False
Wed Feb  8 01:57:41 2017,-4.937,-4.25,0.687,False
Wed Feb  8 01:58:41 2017,-5.0,-4.25,0.75,False
Wed Feb  8 01:59:41 2017,-5.0,-4.25,0.75,False
Wed Feb  8 02:00:41 2017,-5.0,-4.25,0.75,False
Wed Feb  8 02:01:41 2017,-5.0,-4.25,0.75,False
Wed Feb  8 02:02:41 2017,-5.0,-4.312,0.688,False
Wed Feb  8 02:03:42 2017,-5.0,-4.312,0.688,False
Wed Feb  8 02:04:42 2017,-5.0,-4.25,0.75,False
Wed Feb  8 02:05:42 2017,-5.0,-4.312,0.688,False
Wed Feb  8 02:06:42 2017,-5.0,-4.312,0.688,False
Wed Feb  8 02:07:42 2017,-5.0,-4.25,0.75,False
Wed Feb  8 02:08:42 2017,-5.062,-4.25,0.812,False
Wed Feb  8 02:09:42 2017,-5.062,-4.25,0.812,False
Wed Feb  8 02:10:42 2017,-5.062,-4.25,0.812,False
Wed Feb  8 02:11:42 2017,-5.0,-4.25,0.75,False
Wed Feb  8 02:12:42 2017,-5.0,-4.25,0.75,False
Wed Feb  8 02:13:42 2017,-5.062,-4.312,0.75,False
Wed Feb  8 02:14:42 2017,-5.062,-4.312,0.75,False
Wed Feb  8 02:15:42 2017,-5.062,-4.312,0.75,False
Wed Feb  8 02:16:42 2017,-5.062,-4.312,0.75,False
Wed Feb  8 02:17:42 2017,-5.062,-4.25,0.812,False
Wed Feb  8 02:18:42 2017,-5.062,-4.25,0.812,False
Wed Feb  8 02:19:42 2017,-5.062,-4.25,0.812,False
Wed Feb  8 02:20:42 2017,-5.125,-4.25,0.875,False
Wed Feb  8 02:21:42 2017,-5.125,-4.25,0.875,False
Wed Feb  8 02:22:42 2017,-5.125,-4.25,0.875,False
Wed Feb  8 02:23:42 2017,-5.125,-4.312,0.813,False
Wed Feb  8 02:24:42 2017,-5.125,-4.312,0.813,False
Wed Feb  8 02:25:42 2017,-5.125,-4.312,0.813,False
Wed Feb  8 02:26:42 2017,-5.125,-4.312,0.813,False
Wed Feb  8 02:27:42 2017,-5.125,-4.312,0.813,False
Wed Feb  8 02:28:42 2017,-5.125,-4.375,0.75,False
Wed Feb  8 02:29:42 2017,-5.125,-4.375,0.75,False
Wed Feb  8 02:30:42 2017,-5.125,-4.375,0.75,False
Wed Feb  8 02:31:42 2017,-5.125,-4.375,0.75,False
Wed Feb  8 02:32:42 2017,-5.125,-4.375,0.75,False
Wed Feb  8 02:33:42 2017,-5.125,-4.312,0.813,False
Wed Feb  8 02:34:42 2017,-5.125,-4.375,0.75,False
Wed Feb  8 02:35:42 2017,-5.125,-4.312,0.813,False
Wed Feb  8 02:36:42 2017,-5.125,-4.312,0.813,False
Wed Feb  8 02:37:42 2017,-5.062,-4.375,0.687,False
Wed Feb  8 02:38:42 2017,-5.125,-4.375,0.75,False
Wed Feb  8 02:39:42 2017,-5.125,-4.312,0.813,False
Wed Feb  8 02:40:42 2017,-5.125,-4.312,0.813,False
Wed Feb  8 02:41:42 2017,-5.125,-4.312,0.813,False
Wed Feb  8 02:42:42 2017,-5.125,-4.312,0.813,False
Wed Feb  8 02:43:42 2017,-5.125,-4.312,0.813,False
Wed Feb  8 02:44:42 2017,-5.125,-4.312,0.813,False
Wed Feb  8 02:45:42 2017,-5.187,-4.312,0.875,False
Wed Feb  8 02:46:42 2017,-5.187,-4.312,0.875,False
Wed Feb  8 02:47:42 2017,-5.187,-4.312,0.875,False
Wed Feb  8 02:48:42 2017,-5.125,-4.312,0.813,False
Wed Feb  8 02:49:42 2017,-5.187,-4.312,0.875,False
Wed Feb  8 02:50:42 2017,-5.187,-4.312,0.875,False
Wed Feb  8 02:51:42 2017,-5.187,-4.312,0.875,False
Wed Feb  8 02:52:42 2017,-5.187,-4.25,0.937,False
Wed Feb  8 02:53:43 2017,-5.187,-4.312,0.875,False
Wed Feb  8 02:54:43 2017,-5.187,-4.25,0.937,False
Wed Feb  8 02:55:43 2017,-5.125,-4.25,0.875,False
Wed Feb  8 02:56:43 2017,-5.125,-4.187,0.938,False
Wed Feb  8 02:57:43 2017,-5.125,-4.187,0.938,False
Wed Feb  8 02:58:43 2017,-5.125,-4.187,0.938,False
Wed Feb  8 02:59:43 2017,-5.125,-4.187,0.938,False
Wed Feb  8 03:00:43 2017,-5.062,-4.187,0.875,False
Wed Feb  8 03:01:43 2017,-5.125,-4.187,0.938,False
Wed Feb  8 03:02:43 2017,-5.062,-4.125,0.937,False
Wed Feb  8 03:03:43 2017,-5.125,-4.062,1.063,False
Wed Feb  8 03:04:43 2017,-5.125,-4.125,1.0,False
Wed Feb  8 03:05:43 2017,-5.125,-4.0,1.125,False
Wed Feb  8 03:06:43 2017,-5.125,-3.812,1.313,False
Wed Feb  8 03:07:43 2017,-5.125,-3.75,1.375,False
Wed Feb  8 03:08:43 2017,-5.062,-3.75,1.312,False
Wed Feb  8 03:09:43 2017,-5.062,-3.812,1.25,False
Wed Feb  8 03:10:43 2017,-5.062,-3.812,1.25,False
Wed Feb  8 03:11:43 2017,-5.062,-3.875,1.187,False
Wed Feb  8 03:12:43 2017,-5.0,-3.937,1.063,False
Wed Feb  8 03:13:43 2017,-5.0,-4.0,1.0,False
Wed Feb  8 03:14:43 2017,-4.937,-4.062,0.875,False
Wed Feb  8 03:15:43 2017,-4.937,-4.187,0.75,False
Wed Feb  8 03:16:43 2017,-5.0,-4.25,0.75,False
Wed Feb  8 03:17:43 2017,-4.937,-4.25,0.687,False
Wed Feb  8 03:18:43 2017,-4.937,-4.25,0.687,False
Wed Feb  8 03:19:43 2017,-5.0,-4.25,0.75,False
Wed Feb  8 03:20:43 2017,-4.937,-4.25,0.687,False
Wed Feb  8 03:21:43 2017,-4.937,-4.312,0.625,False
Wed Feb  8 03:22:43 2017,-4.937,-4.312,0.625,False
Wed Feb  8 03:23:43 2017,-4.937,-4.375,0.562,False
Wed Feb  8 03:24:43 2017,-4.937,-4.312,0.625,False
Wed Feb  8 03:25:43 2017,-4.937,-4.312,0.625,False
Wed Feb  8 03:26:43 2017,-5.0,-4.312,0.688,False
Wed Feb  8 03:27:43 2017,-5.0,-4.312,0.688,False
Wed Feb  8 03:28:43 2017,-5.0,-4.375,0.625,False
Wed Feb  8 03:29:43 2017,-5.0,-4.375,0.625,False
Wed Feb  8 03:30:43 2017,-5.0,-4.375,0.625,False
Wed Feb  8 03:31:43 2017,-5.0,-4.375,0.625,False
Wed Feb  8 03:32:43 2017,-5.0,-4.375,0.625,False
Wed Feb  8 03:33:44 2017,-5.0,-4.375,0.625,False
Wed Feb  8 03:34:44 2017,-5.0,-4.312,0.688,False
Wed Feb  8 03:35:44 2017,-5.0,-4.375,0.625,False
Wed Feb  8 03:36:44 2017,-5.0,-4.312,0.688,False
Wed Feb  8 03:37:44 2017,-5.0,-4.312,0.688,False
Wed Feb  8 03:38:44 2017,-5.0,-4.312,0.688,False
Wed Feb  8 03:39:44 2017,-5.0,-4.312,0.688,False
Wed Feb  8 03:40:44 2017,-5.0,-4.312,0.688,False
Wed Feb  8 03:41:44 2017,-5.0,-4.312,0.688,False
Wed Feb  8 03:42:44 2017,-5.0,-4.375,0.625,False
Wed Feb  8 03:43:44 2017,-5.0,-4.312,0.688,False
Wed Feb  8 03:44:44 2017,-5.0,-4.312,0.688,False
Wed Feb  8 03:45:44 2017,-5.062,-4.312,0.75,False
Wed Feb  8 03:46:44 2017,-5.0,-4.375,0.625,False
Wed Feb  8 03:47:44 2017,-5.0,-4.312,0.688,False
Wed Feb  8 03:48:44 2017,-5.062,-4.375,0.687,False
Wed Feb  8 03:49:44 2017,-5.062,-4.312,0.75,False
Wed Feb  8 03:50:44 2017,-5.062,-4.375,0.687,False
Wed Feb  8 03:51:44 2017,-5.062,-4.312,0.75,False
Wed Feb  8 03:52:44 2017,-5.062,-4.312,0.75,False
Wed Feb  8 03:53:44 2017,-5.062,-4.375,0.687,False
Wed Feb  8 03:54:44 2017,-5.062,-4.375,0.687,False
Wed Feb  8 03:55:44 2017,-5.125,-4.375,0.75,False
Wed Feb  8 03:56:44 2017,-5.062,-4.375,0.687,False
Wed Feb  8 03:57:44 2017,-5.125,-4.375,0.75,False
Wed Feb  8 03:58:44 2017,-5.062,-4.375,0.687,False
Wed Feb  8 03:59:44 2017,-5.125,-4.375,0.75,False
Wed Feb  8 04:00:44 2017,-5.062,-4.375,0.687,False
Wed Feb  8 04:01:44 2017,-5.125,-4.375,0.75,False
Wed Feb  8 04:02:44 2017,-5.125,-4.375,0.75,False
Wed Feb  8 04:03:44 2017,-5.125,-4.375,0.75,False
Wed Feb  8 04:04:44 2017,-5.125,-4.375,0.75,False
Wed Feb  8 04:05:45 2017,-5.125,-4.375,0.75,False
Wed Feb  8 04:06:45 2017,-5.125,-4.375,0.75,False
Wed Feb  8 04:07:45 2017,-5.125,-4.375,0.75,False
Wed Feb  8 04:08:45 2017,-5.125,-4.375,0.75,False
Wed Feb  8 04:09:45 2017,-5.187,-4.375,0.812,False
Wed Feb  8 04:10:45 2017,-5.125,-4.375,0.75,False
Wed Feb  8 04:11:45 2017,-5.125,-4.375,0.75,False
Wed Feb  8 04:12:45 2017,-5.187,-4.375,0.812,False
Wed Feb  8 04:13:45 2017,-5.125,-4.312,0.813,False
Wed Feb  8 04:14:45 2017,-5.187,-4.312,0.875,False
Wed Feb  8 04:15:45 2017,-5.187,-4.312,0.875,False
Wed Feb  8 04:16:45 2017,-5.125,-4.312,0.813,False
Wed Feb  8 04:17:45 2017,-5.187,-4.375,0.812,False
Wed Feb  8 04:18:45 2017,-5.187,-4.312,0.875,False
Wed Feb  8 04:19:45 2017,-5.187,-4.375,0.812,False
Wed Feb  8 04:20:45 2017,-5.187,-4.312,0.875,False
Wed Feb  8 04:21:45 2017,-5.187,-4.312,0.875,False
Wed Feb  8 04:22:45 2017,-5.187,-4.312,0.875,False
Wed Feb  8 04:23:45 2017,-5.125,-4.312,0.813,False
Wed Feb  8 04:24:45 2017,-5.125,-4.312,0.813,False
Wed Feb  8 04:25:45 2017,-5.125,-4.312,0.813,False
Wed Feb  8 04:26:45 2017,-5.187,-4.312,0.875,False
Wed Feb  8 04:27:45 2017,-5.187,-4.312,0.875,False
Wed Feb  8 04:28:45 2017,-5.187,-4.312,0.875,False
Wed Feb  8 04:29:45 2017,-5.187,-4.312,0.875,False
Wed Feb  8 04:30:45 2017,-5.125,-4.312,0.813,False
Wed Feb  8 04:31:45 2017,-5.125,-4.312,0.813,False
Wed Feb  8 04:32:45 2017,-5.187,-4.312,0.875,False
Wed Feb  8 04:33:45 2017,-5.125,-4.312,0.813,False
Wed Feb  8 04:34:45 2017,-5.125,-4.312,0.813,False
Wed Feb  8 04:35:45 2017,-5.125,-4.312,0.813,False
Wed Feb  8 04:36:45 2017,-5.125,-4.312,0.813,False
Wed Feb  8 04:37:45 2017,-5.125,-4.312,0.813,False
Wed Feb  8 04:38:45 2017,-5.125,-4.312,0.813,False
Wed Feb  8 04:39:45 2017,-5.125,-4.312,0.813,False
Wed Feb  8 04:40:45 2017,-5.125,-4.312,0.813,False
Wed Feb  8 04:41:45 2017,-5.125,-4.312,0.813,False
Wed Feb  8 04:42:45 2017,-5.125,-4.312,0.813,False
Wed Feb  8 04:43:45 2017,-5.125,-4.312,0.813,False
Wed Feb  8 04:44:45 2017,-5.125,-4.312,0.813,False
Wed Feb  8 04:45:45 2017,-5.062,-4.312,0.75,False
Wed Feb  8 04:46:45 2017,-5.125,-4.312,0.813,False
Wed Feb  8 04:47:45 2017,-5.125,-4.312,0.813,False
Wed Feb  8 04:48:45 2017,-5.125,-4.312,0.813,False
Wed Feb  8 04:49:46 2017,-5.125,-4.312,0.813,False
Wed Feb  8 04:50:46 2017,-5.125,-4.25,0.875,False
Wed Feb  8 04:51:46 2017,-5.062,-4.25,0.812,False
Wed Feb  8 04:52:46 2017,-5.062,-4.25,0.812,False
Wed Feb  8 04:53:46 2017,-5.062,-4.25,0.812,False
Wed Feb  8 04:54:46 2017,-5.062,-4.25,0.812,False
Wed Feb  8 04:55:46 2017,-5.062,-4.25,0.812,False
Wed Feb  8 04:56:46 2017,-5.062,-4.25,0.812,False
Wed Feb  8 04:57:46 2017,-5.062,-4.187,0.875,False
Wed Feb  8 04:58:46 2017,-5.062,-4.187,0.875,False
Wed Feb  8 04:59:46 2017,-5.0,-4.25,0.75,False
Wed Feb  8 05:00:46 2017,-5.0,-4.187,0.813,False
Wed Feb  8 05:01:46 2017,-5.0,-4.187,0.813,False
Wed Feb  8 05:02:46 2017,-5.0,-4.187,0.813,False
Wed Feb  8 05:03:46 2017,-5.0,-4.25,0.75,False
Wed Feb  8 05:04:46 2017,-4.937,-4.187,0.75,False
Wed Feb  8 05:05:46 2017,-4.937,-4.187,0.75,False
Wed Feb  8 05:06:46 2017,-4.937,-4.187,0.75,False
Wed Feb  8 05:07:46 2017,-4.937,-4.187,0.75,False
Wed Feb  8 05:08:46 2017,-4.937,-4.187,0.75,False
Wed Feb  8 05:09:46 2017,-4.937,-4.187,0.75,False
Wed Feb  8 05:10:46 2017,-4.937,-4.187,0.75,False
Wed Feb  8 05:11:46 2017,-4.937,-4.187,0.75,False
Wed Feb  8 05:12:46 2017,-4.937,-4.187,0.75,False
Wed Feb  8 05:13:46 2017,-4.875,-4.187,0.688,False
Wed Feb  8 05:14:46 2017,-4.875,-4.187,0.688,False
Wed Feb  8 05:15:46 2017,-4.875,-4.187,0.688,False
Wed Feb  8 05:16:46 2017,-4.875,-4.187,0.688,False
Wed Feb  8 05:17:46 2017,-4.875,-4.187,0.688,False
Wed Feb  8 05:18:46 2017,-4.812,-4.187,0.625,False
Wed Feb  8 05:19:46 2017,-4.812,-4.187,0.625,False
Wed Feb  8 05:20:46 2017,-4.812,-4.187,0.625,False
Wed Feb  8 05:21:46 2017,-4.812,-4.187,0.625,False
Wed Feb  8 05:22:46 2017,-4.75,-4.125,0.625,False
Wed Feb  8 05:23:46 2017,-4.75,-4.125,0.625,False
Wed Feb  8 05:24:46 2017,-4.75,-4.125,0.625,False
Wed Feb  8 05:25:46 2017,-4.75,-4.187,0.563,False
Wed Feb  8 05:26:46 2017,-4.687,-4.125,0.562,False
Wed Feb  8 05:27:46 2017,-4.75,-4.125,0.625,False
Wed Feb  8 05:28:46 2017,-4.687,-4.125,0.562,False
Wed Feb  8 05:29:46 2017,-4.687,-4.125,0.562,False
Wed Feb  8 05:30:46 2017,-4.687,-4.125,0.562,False
Wed Feb  8 05:31:46 2017,-4.625,-4.125,0.5,False
Wed Feb  8 05:32:46 2017,-4.625,-4.125,0.5,False
Wed Feb  8 05:33:46 2017,-4.625,-4.062,0.563,False
Wed Feb  8 05:34:46 2017,-4.625,-4.125,0.5,False
Wed Feb  8 05:35:46 2017,-4.562,-4.062,0.5,False
Wed Feb  8 05:36:46 2017,-4.562,-4.062,0.5,False
Wed Feb  8 05:37:46 2017,-4.562,-4.062,0.5,False
Wed Feb  8 05:38:46 2017,-4.562,-4.062,0.5,False
Wed Feb  8 05:39:47 2017,-4.562,-4.062,0.5,False
Wed Feb  8 05:40:47 2017,-4.5,-4.062,0.438,False
Wed Feb  8 05:41:47 2017,-4.5,-4.062,0.438,False
Wed Feb  8 05:42:47 2017,-4.5,-4.062,0.438,False
Wed Feb  8 05:43:47 2017,-4.5,-4.062,0.438,False
Wed Feb  8 05:44:47 2017,-4.5,-4.062,0.438,False
Wed Feb  8 05:45:47 2017,-4.437,-4.0,0.437,False
Wed Feb  8 05:46:47 2017,-4.437,-4.0,0.437,False
Wed Feb  8 05:47:47 2017,-4.437,-4.062,0.375,False
Wed Feb  8 05:48:47 2017,-4.375,-4.062,0.313,False
Wed Feb  8 05:49:47 2017,-4.375,-4.062,0.313,False
Wed Feb  8 05:50:47 2017,-4.375,-4.062,0.313,False
Wed Feb  8 05:51:47 2017,-4.375,-4.0,0.375,False
Wed Feb  8 05:52:47 2017,-4.312,-4.0,0.312,False
Wed Feb  8 05:53:47 2017,-4.375,-4.0,0.375,False
Wed Feb  8 05:54:47 2017,-4.312,-4.0,0.312,False
Wed Feb  8 05:55:47 2017,-4.312,-4.0,0.312,False
Wed Feb  8 05:56:47 2017,-4.312,-4.0,0.312,False
Wed Feb  8 05:57:47 2017,-4.312,-4.0,0.312,False
Wed Feb  8 05:58:47 2017,-4.25,-4.0,0.25,False
Wed Feb  8 05:59:47 2017,-4.312,-4.0,0.312,False
Wed Feb  8 06:00:47 2017,-4.312,-4.0,0.312,False
Wed Feb  8 06:01:47 2017,-4.25,-4.0,0.25,False
Wed Feb  8 06:02:47 2017,-4.25,-4.0,0.25,False
Wed Feb  8 06:03:47 2017,-4.25,-4.0,0.25,False
Wed Feb  8 06:04:47 2017,-4.25,-4.0,0.25,False
Wed Feb  8 06:05:47 2017,-4.25,-4.0,0.25,False
Wed Feb  8 06:06:47 2017,-4.187,-4.0,0.187,False
Wed Feb  8 06:07:47 2017,-4.187,-4.0,0.187,False
Wed Feb  8 06:08:47 2017,-4.187,-3.937,0.25,False
Wed Feb  8 06:09:47 2017,-4.187,-4.0,0.187,False
Wed Feb  8 06:10:47 2017,-4.187,-4.0,0.187,False
Wed Feb  8 06:11:47 2017,-4.125,-3.937,0.188,False
Wed Feb  8 06:12:47 2017,-4.125,-4.0,0.125,False
Wed Feb  8 06:13:47 2017,-4.125,-4.0,0.125,False
Wed Feb  8 06:14:47 2017,-4.125,-3.937,0.188,False
Wed Feb  8 06:15:47 2017,-4.125,-4.0,0.125,False
Wed Feb  8 06:16:47 2017,-4.125,-4.0,0.125,False
Wed Feb  8 06:17:47 2017,-4.062,-3.937,0.125,False
Wed Feb  8 06:18:47 2017,-4.125,-3.937,0.188,False
Wed Feb  8 06:19:47 2017,-4.125,-3.937,0.188,False
Wed Feb  8 06:20:47 2017,-4.062,-3.937,0.125,False
Wed Feb  8 06:21:47 2017,-4.062,-3.937,0.125,False
Wed Feb  8 06:22:47 2017,-4.062,-3.937,0.125,False
Wed Feb  8 06:23:47 2017,-4.062,-3.937,0.125,False
Wed Feb  8 06:24:48 2017,-4.0,-3.937,0.063,False
Wed Feb  8 06:25:48 2017,-4.0,-3.937,0.063,False
Wed Feb  8 06:26:48 2017,-4.0,-3.937,0.063,False
Wed Feb  8 06:27:48 2017,-4.0,-3.937,0.063,False
Wed Feb  8 06:28:48 2017,-4.0,-3.937,0.063,False
Wed Feb  8 06:29:48 2017,-4.0,-3.937,0.063,False
Wed Feb  8 06:30:48 2017,-3.937,-3.937,0.0,False
Wed Feb  8 06:31:48 2017,-3.937,-3.875,0.062,False
Wed Feb  8 06:32:48 2017,-3.937,-3.875,0.062,False
Wed Feb  8 06:33:48 2017,-3.937,-3.875,0.062,False
Wed Feb  8 06:34:48 2017,-3.937,-3.875,0.062,False
Wed Feb  8 06:35:48 2017,-3.937,-3.875,0.062,False
Wed Feb  8 06:36:48 2017,-3.937,-3.875,0.062,False
Wed Feb  8 06:37:48 2017,-3.875,-3.875,0.0,False
Wed Feb  8 06:38:48 2017,-3.875,-3.875,0.0,False
Wed Feb  8 06:39:48 2017,-3.875,-3.875,0.0,False
Wed Feb  8 06:40:48 2017,-3.875,-3.875,0.0,False
Wed Feb  8 06:41:48 2017,-3.812,-3.875,0.063,False
Wed Feb  8 06:42:48 2017,-3.812,-3.875,0.063,False
Wed Feb  8 06:43:48 2017,-3.812,-3.875,0.063,False
Wed Feb  8 06:44:48 2017,-3.812,-3.875,0.063,False
Wed Feb  8 06:45:48 2017,-3.75,-3.875,0.125,False
Wed Feb  8 06:46:48 2017,-3.75,-3.812,0.062,False
Wed Feb  8 06:47:48 2017,-3.75,-3.812,0.062,False
Wed Feb  8 06:48:48 2017,-3.75,-3.812,0.062,False
Wed Feb  8 06:49:48 2017,-3.687,-3.812,0.125,False
Wed Feb  8 06:50:48 2017,-3.687,-3.812,0.125,False
Wed Feb  8 06:51:48 2017,-3.687,-3.812,0.125,False
Wed Feb  8 06:52:48 2017,-3.687,-3.812,0.125,False
Wed Feb  8 06:53:48 2017,-3.625,-3.812,0.187,False
Wed Feb  8 06:54:48 2017,-3.625,-3.812,0.187,False
Wed Feb  8 06:55:48 2017,-3.625,-3.812,0.187,False
Wed Feb  8 06:56:49 2017,-3.625,-3.812,0.187,False
Wed Feb  8 06:57:49 2017,-3.562,-3.812,0.25,False
Wed Feb  8 06:58:49 2017,-3.562,-3.812,0.25,False
Wed Feb  8 06:59:49 2017,-3.562,-3.812,0.25,False
Wed Feb  8 07:00:49 2017,-3.562,-3.812,0.25,False
Wed Feb  8 07:01:49 2017,-3.562,-3.812,0.25,False
Wed Feb  8 07:02:49 2017,-3.562,-3.812,0.25,False
Wed Feb  8 07:03:49 2017,-3.5,-3.812,0.312,False
Wed Feb  8 07:04:49 2017,-3.5,-3.812,0.312,False
Wed Feb  8 07:05:49 2017,-3.5,-3.812,0.312,False
Wed Feb  8 07:06:49 2017,-3.5,-3.812,0.312,False
Wed Feb  8 07:07:49 2017,-3.5,-3.812,0.312,False
Wed Feb  8 07:08:49 2017,-3.437,-3.812,0.375,False
Wed Feb  8 07:09:49 2017,-3.437,-3.812,0.375,False
Wed Feb  8 07:10:49 2017,-3.437,-3.812,0.375,False
Wed Feb  8 07:11:49 2017,-3.437,-3.812,0.375,False
Wed Feb  8 07:12:49 2017,-3.437,-3.812,0.375,False
Wed Feb  8 07:13:49 2017,-3.375,-3.812,0.437,False
Wed Feb  8 07:14:49 2017,-3.375,-3.812,0.437,False
Wed Feb  8 07:15:49 2017,-3.375,-3.812,0.437,False
Wed Feb  8 07:16:49 2017,-3.375,-3.75,0.375,False
Wed Feb  8 07:17:49 2017,-3.312,-3.75,0.438,False
Wed Feb  8 07:18:49 2017,-3.312,-3.75,0.438,False
Wed Feb  8 07:19:49 2017,-3.312,-3.75,0.438,False
Wed Feb  8 07:20:49 2017,-3.312,-3.75,0.438,False
Wed Feb  8 07:21:49 2017,-3.25,-3.812,0.562,False
Wed Feb  8 07:22:49 2017,-3.25,-3.75,0.5,False
Wed Feb  8 07:23:49 2017,-3.25,-3.75,0.5,False
Wed Feb  8 07:24:49 2017,-3.25,-3.75,0.5,False
Wed Feb  8 07:25:49 2017,-3.187,-3.75,0.563,False
Wed Feb  8 07:26:49 2017,-3.187,-3.75,0.563,False
Wed Feb  8 07:27:49 2017,-3.187,-3.75,0.563,False
Wed Feb  8 07:28:49 2017,-3.187,-3.75,0.563,False
Wed Feb  8 07:29:49 2017,-3.187,-3.75,0.563,False
Wed Feb  8 07:30:49 2017,-3.125,-3.687,0.562,False
Wed Feb  8 07:31:49 2017,-3.125,-3.687,0.562,False
Wed Feb  8 07:32:49 2017,-3.187,-3.687,0.5,False
Wed Feb  8 07:33:49 2017,-3.125,-3.687,0.562,False
Wed Feb  8 07:34:49 2017,-3.125,-3.687,0.562,False
Wed Feb  8 07:35:49 2017,-3.125,-3.687,0.562,False
Wed Feb  8 07:36:49 2017,-3.062,-3.687,0.625,False
Wed Feb  8 07:37:49 2017,-3.062,-3.687,0.625,False
Wed Feb  8 07:38:49 2017,-3.062,-3.687,0.625,False
Wed Feb  8 07:39:49 2017,-3.062,-3.625,0.563,False
Wed Feb  8 07:40:49 2017,-3.062,-3.625,0.563,False
Wed Feb  8 07:41:49 2017,-3.0,-3.625,0.625,False
Wed Feb  8 07:42:50 2017,-3.0,-3.625,0.625,False
Wed Feb  8 07:43:50 2017,-3.0,-3.625,0.625,False
Wed Feb  8 07:44:50 2017,-2.937,-3.625,0.688,False
Wed Feb  8 07:45:50 2017,-2.937,-3.625,0.688,False
Wed Feb  8 07:46:50 2017,-2.937,-3.625,0.688,False
Wed Feb  8 07:47:50 2017,-2.875,-3.562,0.687,False
Wed Feb  8 07:48:50 2017,-2.875,-3.562,0.687,False
Wed Feb  8 07:49:50 2017,-2.875,-3.562,0.687,False
Wed Feb  8 07:50:50 2017,-2.875,-3.562,0.687,False
Wed Feb  8 07:51:50 2017,-2.812,-3.562,0.75,False
Wed Feb  8 07:52:50 2017,-2.812,-3.562,0.75,False
Wed Feb  8 07:53:50 2017,-2.812,-3.562,0.75,False
Wed Feb  8 07:54:50 2017,-2.812,-3.562,0.75,False
Wed Feb  8 07:55:50 2017,-2.812,-3.5,0.688,False
Wed Feb  8 07:56:50 2017,-2.75,-3.5,0.75,False
Wed Feb  8 07:57:50 2017,-2.75,-3.5,0.75,False
Wed Feb  8 07:58:50 2017,-2.75,-3.5,0.75,False
Wed Feb  8 07:59:50 2017,-2.687,-3.5,0.813,False
Wed Feb  8 08:00:50 2017,-2.687,-3.5,0.813,False
Wed Feb  8 08:01:50 2017,-2.687,-3.437,0.75,False
Wed Feb  8 08:02:50 2017,-2.687,-3.437,0.75,False
Wed Feb  8 08:03:50 2017,-2.687,-3.5,0.813,False
Wed Feb  8 08:04:50 2017,-2.625,-3.437,0.812,False
Wed Feb  8 08:05:50 2017,-2.625,-3.437,0.812,False
Wed Feb  8 08:06:50 2017,-2.625,-3.437,0.812,False
Wed Feb  8 08:07:50 2017,-2.562,-3.437,0.875,False
Wed Feb  8 08:08:50 2017,-2.562,-3.437,0.875,False
Wed Feb  8 08:09:50 2017,-2.562,-3.437,0.875,False
Wed Feb  8 08:10:50 2017,-2.5,-3.437,0.937,False
Wed Feb  8 08:11:50 2017,-2.5,-3.437,0.937,False
Wed Feb  8 08:12:50 2017,-2.5,-3.437,0.937,False
Wed Feb  8 08:13:51 2017,-2.437,-3.375,0.938,False
Wed Feb  8 08:14:51 2017,-2.437,-3.375,0.938,False
Wed Feb  8 08:15:51 2017,-2.437,-3.375,0.938,False
Wed Feb  8 08:16:51 2017,-2.437,-3.375,0.938,False
Wed Feb  8 08:17:51 2017,-2.375,-3.375,1.0,False
Wed Feb  8 08:18:51 2017,-2.375,-3.375,1.0,False
Wed Feb  8 08:19:51 2017,-2.375,-3.375,1.0,False
Wed Feb  8 08:20:51 2017,-2.312,-3.375,1.063,False
Wed Feb  8 08:21:51 2017,-2.312,-3.312,1.0,False
Wed Feb  8 08:22:51 2017,-2.312,-3.375,1.063,False
Wed Feb  8 08:23:51 2017,-2.25,-3.375,1.125,False
Wed Feb  8 08:24:51 2017,-2.25,-3.375,1.125,False
Wed Feb  8 08:25:51 2017,-2.25,-3.312,1.062,False
Wed Feb  8 08:26:51 2017,-2.187,-3.312,1.125,False
Wed Feb  8 08:27:51 2017,-2.187,-3.312,1.125,False
Wed Feb  8 08:28:51 2017,-2.125,-3.312,1.187,False
Wed Feb  8 08:29:51 2017,-2.125,-3.312,1.187,False
Wed Feb  8 08:30:51 2017,-2.125,-3.312,1.187,False
Wed Feb  8 08:31:51 2017,-2.125,-3.25,1.125,False
Wed Feb  8 08:32:51 2017,-2.062,-3.25,1.188,False
Wed Feb  8 08:33:51 2017,-2.0,-3.25,1.25,False
Wed Feb  8 08:34:51 2017,-2.0,-3.312,1.312,False
Wed Feb  8 08:35:51 2017,-2.0,-3.25,1.25,False
Wed Feb  8 08:36:51 2017,-1.937,-3.25,1.313,False
Wed Feb  8 08:37:51 2017,-1.937,-3.25,1.313,False
Wed Feb  8 08:38:51 2017,-1.875,-3.25,1.375,False
Wed Feb  8 08:39:51 2017,-1.875,-3.187,1.312,False
Wed Feb  8 08:40:51 2017,-1.875,-3.187,1.312,False
Wed Feb  8 08:41:51 2017,-1.875,-3.187,1.312,False
Wed Feb  8 08:42:51 2017,-1.875,-3.187,1.312,False
Wed Feb  8 08:43:51 2017,-1.812,-3.187,1.375,False
Wed Feb  8 08:44:51 2017,-1.812,-3.25,1.438,False
Wed Feb  8 08:45:51 2017,-1.875,-3.187,1.312,False
Wed Feb  8 08:46:51 2017,-1.812,-3.187,1.375,False
Wed Feb  8 08:47:51 2017,-1.812,-3.187,1.375,False
Wed Feb  8 08:48:51 2017,-1.812,-3.187,1.375,False
Wed Feb  8 08:49:51 2017,-1.812,-3.187,1.375,False
Wed Feb  8 08:50:51 2017,-1.75,-3.125,1.375,False
Wed Feb  8 08:51:51 2017,-1.812,-3.125,1.313,False
Wed Feb  8 08:52:51 2017,-1.75,-3.125,1.375,False
Wed Feb  8 08:53:51 2017,-1.75,-3.125,1.375,False
Wed Feb  8 08:54:52 2017,-1.75,-3.125,1.375,False
Wed Feb  8 08:55:52 2017,-1.75,-3.125,1.375,False
Wed Feb  8 08:56:52 2017,-1.75,-3.125,1.375,False
Wed Feb  8 08:57:52 2017,-1.687,-3.125,1.438,False
Wed Feb  8 08:58:52 2017,-1.687,-3.125,1.438,False
Wed Feb  8 08:59:52 2017,-1.687,-3.125,1.438,False
Wed Feb  8 09:00:52 2017,-1.687,-3.125,1.438,False
Wed Feb  8 09:01:52 2017,-1.687,-3.125,1.438,False
Wed Feb  8 09:02:52 2017,-1.625,-3.062,1.437,False
Wed Feb  8 09:03:52 2017,-1.625,-3.062,1.437,False
Wed Feb  8 09:04:52 2017,-1.625,-3.062,1.437,False
Wed Feb  8 09:05:52 2017,-1.625,-3.062,1.437,False
Wed Feb  8 09:06:52 2017,-1.625,-3.062,1.437,False
Wed Feb  8 09:07:52 2017,-1.625,-3.062,1.437,False
Wed Feb  8 09:08:52 2017,-1.625,-3.062,1.437,False
Wed Feb  8 09:09:52 2017,-1.625,-3.062,1.437,False
Wed Feb  8 09:10:52 2017,-1.562,-3.062,1.5,False
Wed Feb  8 09:11:52 2017,-1.562,-3.062,1.5,False
Wed Feb  8 09:12:52 2017,-1.562,-3.0,1.438,False
Wed Feb  8 09:13:52 2017,-1.562,-3.0,1.438,False
Wed Feb  8 09:14:52 2017,-1.562,-3.0,1.438,False
Wed Feb  8 09:15:52 2017,-1.5,-3.0,1.5,False
Wed Feb  8 09:16:52 2017,-1.5,-3.0,1.5,False
Wed Feb  8 09:17:52 2017,-1.5,-3.0,1.5,False
Wed Feb  8 09:18:52 2017,-1.437,-3.0,1.563,False
Wed Feb  8 09:19:52 2017,-1.437,-2.937,1.5,False
Wed Feb  8 09:20:52 2017,-1.437,-3.0,1.563,False
Wed Feb  8 09:21:52 2017,-1.437,-2.937,1.5,False
Wed Feb  8 09:22:52 2017,-1.437,-2.937,1.5,False
Wed Feb  8 09:23:52 2017,-1.375,-2.937,1.562,False
Wed Feb  8 09:24:52 2017,-1.312,-2.937,1.625,False
Wed Feb  8 09:25:52 2017,-1.312,-2.937,1.625,False
Wed Feb  8 09:26:52 2017,-1.25,-2.937,1.687,False
Wed Feb  8 09:27:52 2017,-1.25,-2.937,1.687,False
Wed Feb  8 09:28:52 2017,-1.187,-2.875,1.688,False
Wed Feb  8 09:29:52 2017,-1.187,-2.875,1.688,False
Wed Feb  8 09:30:52 2017,-1.187,-2.812,1.625,False
Wed Feb  8 09:31:52 2017,-1.125,-2.812,1.687,False
Wed Feb  8 09:32:52 2017,-1.125,-2.812,1.687,False
Wed Feb  8 09:33:52 2017,-1.125,-2.812,1.687,False
Wed Feb  8 09:34:53 2017,-1.062,-2.812,1.75,False
Wed Feb  8 09:35:53 2017,-1.062,-2.812,1.75,False
Wed Feb  8 09:36:53 2017,-1.125,-2.812,1.687,False
Wed Feb  8 09:37:53 2017,-1.062,-2.812,1.75,False
Wed Feb  8 09:38:53 2017,-1.062,-2.812,1.75,False
Wed Feb  8 09:39:53 2017,-1.0,-2.75,1.75,False
Wed Feb  8 09:40:53 2017,-1.0,-2.75,1.75,False
Wed Feb  8 09:41:53 2017,-0.937,-2.75,1.813,False
Wed Feb  8 09:42:53 2017,-0.937,-2.75,1.813,False
Wed Feb  8 09:43:53 2017,-0.937,-2.75,1.813,False
Wed Feb  8 09:44:53 2017,-0.937,-2.75,1.813,False
Wed Feb  8 09:45:53 2017,-0.937,-2.75,1.813,False
Wed Feb  8 09:46:53 2017,-0.875,-2.75,1.875,False
Wed Feb  8 09:47:53 2017,-0.875,-2.75,1.875,False
Wed Feb  8 09:48:53 2017,-0.875,-2.687,1.812,False
Wed Feb  8 09:49:53 2017,-0.875,-2.687,1.812,False
Wed Feb  8 09:50:53 2017,-0.875,-2.687,1.812,False
Wed Feb  8 09:51:53 2017,-0.812,-2.687,1.875,False
Wed Feb  8 09:52:53 2017,-0.875,-2.687,1.812,False
Wed Feb  8 09:53:53 2017,-0.812,-2.687,1.875,False
Wed Feb  8 09:54:53 2017,-0.812,-2.687,1.875,False
Wed Feb  8 09:55:53 2017,-0.812,-2.687,1.875,False
Wed Feb  8 09:56:53 2017,-0.75,-2.687,1.937,False
Wed Feb  8 09:57:53 2017,-0.75,-2.625,1.875,False
Wed Feb  8 09:58:53 2017,-0.75,-2.625,1.875,False
Wed Feb  8 09:59:53 2017,-0.687,-2.625,1.938,False
Wed Feb  8 10:00:53 2017,-0.687,-2.625,1.938,False
Wed Feb  8 10:01:53 2017,-0.625,-2.562,1.937,False
Wed Feb  8 10:02:53 2017,-0.625,-2.562,1.937,False
Wed Feb  8 10:03:53 2017,-0.625,-2.562,1.937,False
Wed Feb  8 10:04:53 2017,-0.562,-2.562,2.0,False
Wed Feb  8 10:05:53 2017,-0.562,-2.562,2.0,False
Wed Feb  8 10:06:53 2017,-0.562,-2.5,1.938,False
Wed Feb  8 10:07:53 2017,-0.625,-2.5,1.875,False
Wed Feb  8 10:08:53 2017,-0.562,-2.5,1.938,False
Wed Feb  8 10:09:53 2017,-0.625,-2.5,1.875,False
Wed Feb  8 10:10:53 2017,-0.562,-2.437,1.875,False
Wed Feb  8 10:11:53 2017,-0.625,-2.437,1.812,False
Wed Feb  8 10:12:53 2017,-0.625,-2.437,1.812,False
Wed Feb  8 10:13:53 2017,-0.625,-2.437,1.812,False
Wed Feb  8 10:14:53 2017,-0.562,-2.437,1.875,False
Wed Feb  8 10:15:53 2017,-0.625,-2.437,1.812,False
Wed Feb  8 10:16:53 2017,-0.625,-2.437,1.812,False
Wed Feb  8 10:17:53 2017,-0.562,-2.437,1.875,False
Wed Feb  8 10:18:53 2017,-0.5,-2.375,1.875,False
Wed Feb  8 10:19:53 2017,-0.562,-2.375,1.813,False
Wed Feb  8 10:20:53 2017,-0.5,-2.437,1.937,False
Wed Feb  8 10:21:53 2017,-0.437,-2.375,1.938,False
Wed Feb  8 10:22:53 2017,-0.437,-2.437,2.0,False
Wed Feb  8 10:23:54 2017,-0.375,-2.375,2.0,False
Wed Feb  8 10:24:54 2017,-0.312,-2.375,2.063,False
Wed Feb  8 10:25:54 2017,-0.312,-2.375,2.063,False
Wed Feb  8 10:26:54 2017,-0.312,-2.375,2.063,False
Wed Feb  8 10:27:54 2017,-0.312,-2.312,2.0,False
Wed Feb  8 10:28:54 2017,-0.312,-2.312,2.0,False
Wed Feb  8 10:29:54 2017,-0.312,-2.312,2.0,False
Wed Feb  8 10:30:54 2017,-0.25,-2.312,2.062,False
Wed Feb  8 10:31:54 2017,-0.25,-2.312,2.062,False
Wed Feb  8 10:32:54 2017,-0.25,-2.312,2.062,False
Wed Feb  8 10:33:54 2017,-0.25,-2.312,2.062,False
Wed Feb  8 10:34:54 2017,-0.187,-2.312,2.125,False
Wed Feb  8 10:35:54 2017,-0.187,-2.25,2.063,False
Wed Feb  8 10:36:54 2017,-0.187,-2.312,2.125,False
Wed Feb  8 10:37:54 2017,-0.125,-2.25,2.125,False
Wed Feb  8 10:38:54 2017,-0.125,-2.25,2.125,False
Wed Feb  8 10:39:54 2017,-0.062,-2.25,2.188,False
Wed Feb  8 10:40:54 2017,-0.062,-2.312,2.25,False
Wed Feb  8 10:41:54 2017,-0.062,-2.25,2.188,False
Wed Feb  8 10:42:54 2017,-0.062,-2.25,2.188,False
Wed Feb  8 10:43:54 2017,-0.062,-2.25,2.188,False
Wed Feb  8 10:44:54 2017,-0.062,-2.25,2.188,False
Wed Feb  8 10:45:54 2017,0.0,-2.187,2.187,False
Wed Feb  8 10:46:54 2017,0.0,-2.187,2.187,False
Wed Feb  8 10:47:54 2017,0.0,-2.187,2.187,False
Wed Feb  8 10:48:54 2017,0.0,-2.187,2.187,False
Wed Feb  8 10:49:54 2017,0.0,-2.187,2.187,False
Wed Feb  8 10:50:54 2017,0.062,-2.187,2.249,False
Wed Feb  8 10:51:54 2017,0.062,-2.125,2.187,False
Wed Feb  8 10:52:54 2017,0.062,-2.187,2.249,False
Wed Feb  8 10:53:54 2017,0.125,-2.187,2.312,False
Wed Feb  8 10:54:54 2017,0.187,-2.187,2.374,False
Wed Feb  8 10:55:54 2017,0.187,-2.125,2.312,False
Wed Feb  8 10:56:54 2017,0.25,-2.187,2.437,False
Wed Feb  8 10:57:54 2017,0.25,-2.125,2.375,False
Wed Feb  8 10:58:54 2017,0.312,-2.125,2.437,False
Wed Feb  8 10:59:54 2017,0.312,-2.125,2.437,False
Wed Feb  8 11:00:54 2017,0.312,-2.125,2.437,False
Wed Feb  8 11:01:54 2017,0.312,-2.125,2.437,False
Wed Feb  8 11:02:54 2017,0.312,-2.125,2.437,False
Wed Feb  8 11:03:54 2017,0.312,-2.125,2.437,False
Wed Feb  8 11:04:54 2017,0.375,-2.125,2.5,False
Wed Feb  8 11:05:54 2017,0.375,-2.125,2.5,False
Wed Feb  8 11:06:55 2017,0.375,-2.062,2.437,False
Wed Feb  8 11:07:55 2017,0.437,-2.062,2.499,False
Wed Feb  8 11:08:55 2017,0.437,-2.062,2.499,False
Wed Feb  8 11:09:55 2017,0.5,-2.062,2.562,False
Wed Feb  8 11:10:55 2017,0.5,-2.0,2.5,False
Wed Feb  8 11:11:55 2017,0.5,-2.062,2.562,False
Wed Feb  8 11:12:55 2017,0.562,-2.0,2.562,False
Wed Feb  8 11:13:55 2017,0.562,-2.0,2.562,False
Wed Feb  8 11:14:55 2017,0.562,-2.0,2.562,False
Wed Feb  8 11:15:55 2017,0.562,-2.0,2.562,False
Wed Feb  8 11:16:55 2017,0.562,-2.0,2.562,False
Wed Feb  8 11:17:55 2017,0.625,-2.0,2.625,False
Wed Feb  8 11:18:55 2017,0.625,-2.0,2.625,False
Wed Feb  8 11:19:55 2017,0.687,-1.937,2.624,False
Wed Feb  8 11:20:55 2017,0.687,-2.0,2.687,False
Wed Feb  8 11:21:55 2017,0.687,-1.937,2.624,False
Wed Feb  8 11:22:55 2017,0.75,-1.937,2.687,False
Wed Feb  8 11:23:55 2017,0.812,-1.937,2.749,False
Wed Feb  8 11:24:55 2017,0.812,-1.937,2.749,False
Wed Feb  8 11:25:55 2017,0.875,-1.937,2.812,False
Wed Feb  8 11:26:55 2017,0.875,-1.937,2.812,False
Wed Feb  8 11:27:55 2017,0.937,-1.875,2.812,False
Wed Feb  8 11:28:55 2017,0.937,-1.875,2.812,False
Wed Feb  8 11:29:55 2017,1.0,-1.875,2.875,False
Wed Feb  8 11:30:55 2017,1.062,-1.875,2.937,False
Wed Feb  8 11:31:55 2017,1.125,-1.875,3.0,False
Wed Feb  8 11:32:55 2017,1.125,-1.812,2.937,False
Wed Feb  8 11:33:55 2017,1.187,-1.812,2.999,False
Wed Feb  8 11:34:55 2017,1.25,-1.812,3.062,False
Wed Feb  8 11:35:55 2017,1.312,-1.812,3.124,False
Wed Feb  8 11:36:55 2017,1.375,-1.812,3.187,False
Wed Feb  8 11:37:55 2017,1.437,-1.812,3.249,False
Wed Feb  8 11:38:55 2017,1.5,-1.75,3.25,False
Wed Feb  8 11:39:55 2017,1.562,-1.75,3.312,False
Wed Feb  8 11:40:55 2017,1.687,-1.687,3.374,False
Wed Feb  8 11:41:55 2017,1.75,-1.437,3.187,False
Wed Feb  8 11:42:55 2017,1.812,-1.25,3.062,False
Wed Feb  8 11:43:55 2017,1.812,-0.875,2.687,False
Wed Feb  8 11:44:55 2017,1.875,-0.562,2.437,False
Wed Feb  8 11:45:55 2017,1.937,-0.375,2.312,False
Wed Feb  8 11:46:56 2017,1.937,-0.25,2.187,False
Wed Feb  8 11:47:56 2017,2.0,-0.187,2.187,False
Wed Feb  8 11:48:56 2017,2.062,-0.062,2.124,False
Wed Feb  8 11:49:56 2017,2.125,0.0,2.125,False
Wed Feb  8 11:50:56 2017,2.125,0.187,1.938,False
Wed Feb  8 11:51:56 2017,2.187,0.25,1.937,False
Wed Feb  8 11:52:56 2017,2.25,0.25,2.0,False
Wed Feb  8 11:53:56 2017,2.312,0.312,2.0,False
Wed Feb  8 11:54:56 2017,2.375,0.375,2.0,False
Wed Feb  8 11:55:56 2017,2.437,0.437,2.0,False
Wed Feb  8 11:56:56 2017,2.5,0.5,2.0,False
Wed Feb  8 11:57:56 2017,2.562,0.5,2.062,False
Wed Feb  8 11:58:56 2017,2.562,0.5,2.062,False
Wed Feb  8 11:59:56 2017,2.625,0.5,2.125,False
Wed Feb  8 12:00:56 2017,2.687,0.5,2.187,False
Wed Feb  8 12:01:56 2017,2.75,0.562,2.188,False
Wed Feb  8 12:02:56 2017,2.75,0.562,2.188,False
Wed Feb  8 12:03:56 2017,2.812,0.625,2.187,False
Wed Feb  8 12:04:56 2017,2.812,0.562,2.25,False
Wed Feb  8 12:05:56 2017,2.875,0.562,2.313,False
Wed Feb  8 12:06:56 2017,2.875,0.687,2.188,False
Wed Feb  8 12:07:56 2017,2.937,0.75,2.187,False
Wed Feb  8 12:08:56 2017,2.937,0.75,2.187,False
Wed Feb  8 12:09:56 2017,3.0,0.75,2.25,False
Wed Feb  8 12:10:56 2017,3.0,0.75,2.25,False
Wed Feb  8 12:11:56 2017,3.0,0.75,2.25,False
Wed Feb  8 12:12:56 2017,3.062,0.812,2.25,False
Wed Feb  8 12:13:56 2017,3.062,0.875,2.187,False
Wed Feb  8 12:14:56 2017,3.062,0.812,2.25,False
Wed Feb  8 12:15:56 2017,3.062,0.812,2.25,False
Wed Feb  8 12:16:56 2017,3.125,0.812,2.313,False
Wed Feb  8 12:17:56 2017,3.125,0.875,2.25,False
Wed Feb  8 12:18:56 2017,3.125,0.875,2.25,False
Wed Feb  8 12:19:56 2017,3.187,0.937,2.25,False
Wed Feb  8 12:20:56 2017,3.187,0.937,2.25,False
Wed Feb  8 12:21:56 2017,3.25,1.0,2.25,False
Wed Feb  8 12:22:56 2017,3.25,1.0,2.25,False
Wed Feb  8 12:23:56 2017,3.312,1.0,2.312,False
Wed Feb  8 12:24:56 2017,3.375,1.0,2.375,False
Wed Feb  8 12:25:56 2017,3.5,1.125,2.375,False
Wed Feb  8 12:26:56 2017,3.562,1.187,2.375,False
Wed Feb  8 12:27:56 2017,3.687,1.187,2.5,False
Wed Feb  8 12:28:56 2017,3.812,1.25,2.562,False
Wed Feb  8 12:29:56 2017,3.937,1.25,2.687,False
Wed Feb  8 12:30:56 2017,4.062,1.312,2.75,False
Wed Feb  8 12:31:56 2017,4.25,1.25,3.0,False
Wed Feb  8 12:32:56 2017,4.312,1.375,2.937,False
Wed Feb  8 12:33:56 2017,4.437,1.437,3.0,False
Wed Feb  8 12:34:56 2017,4.5,1.437,3.063,False
Wed Feb  8 12:35:56 2017,4.562,1.437,3.125,False
Wed Feb  8 12:36:57 2017,4.625,1.5,3.125,False
Wed Feb  8 12:37:57 2017,4.625,1.562,3.063,False
Wed Feb  8 12:38:57 2017,4.625,1.562,3.063,False
Wed Feb  8 12:39:57 2017,4.625,1.625,3.0,False
Wed Feb  8 12:40:57 2017,4.625,1.625,3.0,False
Wed Feb  8 12:41:57 2017,4.562,1.625,2.937,False
Wed Feb  8 12:42:57 2017,4.562,1.625,2.937,False
Wed Feb  8 12:43:57 2017,4.562,1.625,2.937,False
Wed Feb  8 12:44:57 2017,4.5,1.687,2.813,False
Wed Feb  8 12:45:57 2017,4.437,1.687,2.75,False
Wed Feb  8 12:46:57 2017,4.437,1.812,2.625,False
Wed Feb  8 12:47:57 2017,4.375,1.687,2.688,False
Wed Feb  8 12:48:57 2017,4.375,1.75,2.625,False
Wed Feb  8 12:49:57 2017,4.375,1.812,2.563,False
Wed Feb  8 12:50:57 2017,4.375,1.875,2.5,False
Wed Feb  8 12:51:57 2017,4.375,1.875,2.5,False
Wed Feb  8 12:52:57 2017,4.375,1.937,2.438,False
Wed Feb  8 12:53:57 2017,4.375,1.937,2.438,False
Wed Feb  8 12:54:57 2017,4.375,1.937,2.438,False
Wed Feb  8 12:55:57 2017,4.375,2.062,2.313,False
Wed Feb  8 12:56:57 2017,4.312,2.062,2.25,False
Wed Feb  8 12:57:57 2017,4.312,2.0,2.312,False
Wed Feb  8 12:58:57 2017,4.312,1.937,2.375,False
Wed Feb  8 12:59:57 2017,4.312,2.125,2.187,False
Wed Feb  8 13:00:57 2017,4.312,2.062,2.25,False
Wed Feb  8 13:01:57 2017,4.25,2.0,2.25,False
Wed Feb  8 13:02:57 2017,4.25,2.062,2.188,False
Wed Feb  8 13:03:57 2017,4.25,2.125,2.125,False
Wed Feb  8 13:04:57 2017,4.187,2.187,2.0,False
Wed Feb  8 13:05:57 2017,4.187,2.187,2.0,False
Wed Feb  8 13:06:57 2017,4.125,2.25,1.875,False
Wed Feb  8 13:07:57 2017,4.125,2.312,1.813,False
Wed Feb  8 13:08:57 2017,4.125,2.437,1.688,False
Wed Feb  8 13:09:57 2017,4.125,2.375,1.75,False
Wed Feb  8 13:10:57 2017,4.125,2.437,1.688,False
Wed Feb  8 13:11:57 2017,4.062,2.437,1.625,False
Wed Feb  8 13:12:57 2017,4.125,2.5,1.625,False
Wed Feb  8 13:13:57 2017,4.187,2.437,1.75,False
Wed Feb  8 13:14:57 2017,4.187,2.437,1.75,False
Wed Feb  8 13:15:57 2017,4.187,2.5,1.687,False
Wed Feb  8 13:16:57 2017,4.25,2.5,1.75,False
Wed Feb  8 13:17:57 2017,4.312,2.5,1.812,False
Wed Feb  8 13:18:58 2017,4.375,2.562,1.813,False
Wed Feb  8 13:19:58 2017,4.437,2.562,1.875,False
Wed Feb  8 13:20:58 2017,4.5,2.5,2.0,False
Wed Feb  8 13:21:58 2017,4.562,2.562,2.0,False
Wed Feb  8 13:22:58 2017,4.625,2.562,2.063,False
Wed Feb  8 13:23:58 2017,4.687,2.562,2.125,False
Wed Feb  8 13:24:58 2017,4.75,2.562,2.188,False
Wed Feb  8 13:25:58 2017,4.75,2.5,2.25,False
Wed Feb  8 13:26:58 2017,4.812,2.562,2.25,False
Wed Feb  8 13:27:58 2017,4.875,2.562,2.313,False
Wed Feb  8 13:28:58 2017,4.937,2.625,2.312,False
Wed Feb  8 13:29:58 2017,5.0,2.687,2.313,False
Wed Feb  8 13:30:58 2017,5.0,2.625,2.375,False
Wed Feb  8 13:31:58 2017,5.062,2.625,2.437,False
Wed Feb  8 13:32:58 2017,5.062,2.625,2.437,False
Wed Feb  8 13:33:58 2017,5.125,2.687,2.438,False
Wed Feb  8 13:34:58 2017,5.187,2.687,2.5,False
Wed Feb  8 13:35:58 2017,5.25,2.625,2.625,False
Wed Feb  8 13:36:58 2017,5.25,2.687,2.563,False
Wed Feb  8 13:37:58 2017,5.312,2.687,2.625,False
Wed Feb  8 13:38:58 2017,5.375,2.75,2.625,False
Wed Feb  8 13:39:58 2017,5.375,2.687,2.688,False
Wed Feb  8 13:40:58 2017,5.437,2.687,2.75,False
Wed Feb  8 13:41:58 2017,5.5,2.812,2.688,False
Wed Feb  8 13:42:58 2017,5.5,2.812,2.688,False
Wed Feb  8 13:43:58 2017,5.5,2.812,2.688,False
Wed Feb  8 13:44:58 2017,5.562,2.812,2.75,False
Wed Feb  8 13:45:58 2017,5.562,2.812,2.75,False
Wed Feb  8 13:46:58 2017,5.625,2.812,2.813,False
Wed Feb  8 13:47:58 2017,5.625,2.812,2.813,False
Wed Feb  8 13:48:58 2017,5.625,2.812,2.813,False
Wed Feb  8 13:49:58 2017,5.625,2.75,2.875,False
Wed Feb  8 13:50:58 2017,5.625,2.75,2.875,False
Wed Feb  8 13:51:58 2017,5.625,2.75,2.875,False
Wed Feb  8 13:52:58 2017,5.687,2.75,2.937,False
Wed Feb  8 13:53:58 2017,5.687,2.687,3.0,False
Wed Feb  8 13:54:58 2017,5.687,2.812,2.875,False
Wed Feb  8 13:55:58 2017,5.687,2.812,2.875,False
Wed Feb  8 13:56:58 2017,5.687,2.75,2.937,False
Wed Feb  8 13:57:58 2017,5.687,2.812,2.875,False
Wed Feb  8 13:58:58 2017,5.687,2.812,2.875,False
Wed Feb  8 13:59:58 2017,5.687,2.812,2.875,False
Wed Feb  8 14:00:58 2017,5.687,2.687,3.0,False
Wed Feb  8 14:01:58 2017,5.625,2.75,2.875,False
Wed Feb  8 14:02:58 2017,5.625,2.875,2.75,False
Wed Feb  8 14:03:58 2017,5.625,2.812,2.813,False
Wed Feb  8 14:04:58 2017,5.625,2.812,2.813,False
Wed Feb  8 14:05:58 2017,5.625,2.875,2.75,False
Wed Feb  8 14:06:58 2017,5.562,2.812,2.75,False
Wed Feb  8 14:07:58 2017,5.5,2.875,2.625,False
Wed Feb  8 14:08:58 2017,5.562,2.875,2.687,False
Wed Feb  8 14:09:58 2017,5.5,2.875,2.625,False
Wed Feb  8 14:10:59 2017,5.5,2.812,2.688,False
Wed Feb  8 14:11:59 2017,5.562,2.812,2.75,False
Wed Feb  8 14:12:59 2017,5.625,2.875,2.75,False
Wed Feb  8 14:13:59 2017,5.625,2.812,2.813,False
Wed Feb  8 14:14:59 2017,5.625,2.812,2.813,False
Wed Feb  8 14:15:59 2017,5.687,2.875,2.812,False
Wed Feb  8 14:16:59 2017,5.75,2.875,2.875,False
Wed Feb  8 14:17:59 2017,5.75,2.812,2.938,False
Wed Feb  8 14:18:59 2017,5.812,2.875,2.937,False
Wed Feb  8 14:19:59 2017,5.875,2.875,3.0,False
Wed Feb  8 14:20:59 2017,5.875,2.875,3.0,False
Wed Feb  8 14:21:59 2017,6.0,2.875,3.125,False
Wed Feb  8 14:22:59 2017,6.062,2.937,3.125,False
Wed Feb  8 14:23:59 2017,6.062,2.812,3.25,False
Wed Feb  8 14:24:59 2017,6.125,2.875,3.25,False
Wed Feb  8 14:25:59 2017,6.125,2.937,3.188,False
Wed Feb  8 14:26:59 2017,6.187,2.937,3.25,False
Wed Feb  8 14:27:59 2017,6.25,3.0,3.25,False
Wed Feb  8 14:28:59 2017,6.25,2.937,3.313,False
Wed Feb  8 14:29:59 2017,6.312,3.0,3.312,False
Wed Feb  8 14:30:59 2017,6.375,3.0,3.375,False
Wed Feb  8 14:31:59 2017,6.5,3.0,3.5,False
Wed Feb  8 14:32:59 2017,6.625,3.0,3.625,False
Wed Feb  8 14:33:59 2017,6.687,2.937,3.75,False
Wed Feb  8 14:34:59 2017,6.75,3.0,3.75,False
Wed Feb  8 14:35:59 2017,6.75,3.0,3.75,False
Wed Feb  8 14:36:59 2017,6.812,3.0,3.812,False
Wed Feb  8 14:37:59 2017,6.812,3.0,3.812,False
Wed Feb  8 14:38:59 2017,6.812,3.0,3.812,False
Wed Feb  8 14:39:59 2017,6.812,3.062,3.75,False
Wed Feb  8 14:40:59 2017,6.812,3.0,3.812,False
Wed Feb  8 14:41:59 2017,6.75,3.0,3.75,False
Wed Feb  8 14:42:59 2017,6.75,3.062,3.688,False
Wed Feb  8 14:43:59 2017,6.75,3.062,3.688,False
Wed Feb  8 14:44:59 2017,6.687,3.062,3.625,False
Wed Feb  8 14:45:59 2017,6.687,3.062,3.625,False
Wed Feb  8 14:46:59 2017,6.687,3.062,3.625,False
Wed Feb  8 14:47:59 2017,6.625,3.125,3.5,False
Wed Feb  8 14:48:59 2017,6.625,3.187,3.438,False
Wed Feb  8 14:49:59 2017,6.625,3.125,3.5,False
Wed Feb  8 14:50:59 2017,6.625,3.062,3.563,False
Wed Feb  8 14:51:59 2017,6.625,3.062,3.563,False
Wed Feb  8 14:52:59 2017,6.625,3.125,3.5,False
Wed Feb  8 14:53:59 2017,6.625,3.187,3.438,False
Wed Feb  8 14:54:59 2017,6.625,3.187,3.438,False
Wed Feb  8 14:55:59 2017,6.625,3.25,3.375,False
Wed Feb  8 14:57:00 2017,6.562,3.25,3.312,False
Wed Feb  8 14:58:00 2017,6.562,3.125,3.437,False
Wed Feb  8 14:59:00 2017,6.562,3.125,3.437,False
Wed Feb  8 15:00:00 2017,6.5,3.187,3.313,False
Wed Feb  8 15:01:00 2017,6.5,3.312,3.188,False
Wed Feb  8 15:02:00 2017,6.437,3.25,3.187,False
Wed Feb  8 15:03:00 2017,6.437,3.25,3.187,False
Wed Feb  8 15:04:00 2017,6.375,3.25,3.125,False
Wed Feb  8 15:05:00 2017,6.312,3.187,3.125,False
Wed Feb  8 15:06:00 2017,6.25,3.062,3.188,False
Wed Feb  8 15:07:00 2017,6.187,2.937,3.25,False
Wed Feb  8 15:08:00 2017,6.125,2.812,3.313,False
Wed Feb  8 15:09:00 2017,6.062,2.75,3.312,False
Wed Feb  8 15:10:00 2017,6.062,2.625,3.437,False
Wed Feb  8 15:11:00 2017,6.0,2.562,3.438,False
Wed Feb  8 15:12:00 2017,5.937,2.437,3.5,False
Wed Feb  8 15:13:00 2017,5.937,2.437,3.5,False
Wed Feb  8 15:14:00 2017,5.875,2.375,3.5,False
Wed Feb  8 15:15:00 2017,5.875,2.312,3.563,False
Wed Feb  8 15:16:00 2017,5.812,2.312,3.5,False
Wed Feb  8 15:17:00 2017,5.812,2.25,3.562,False
Wed Feb  8 15:18:00 2017,5.812,2.187,3.625,False
Wed Feb  8 15:19:00 2017,5.75,2.187,3.563,False
Wed Feb  8 15:20:00 2017,5.687,2.125,3.562,False
Wed Feb  8 15:21:00 2017,5.687,2.125,3.562,False
Wed Feb  8 15:22:00 2017,5.687,2.062,3.625,False
Wed Feb  8 15:23:00 2017,5.625,2.062,3.563,False
Wed Feb  8 15:24:00 2017,5.625,2.062,3.563,False
Wed Feb  8 15:25:00 2017,5.562,2.062,3.5,False
Wed Feb  8 15:26:00 2017,5.562,2.0,3.562,False
Wed Feb  8 15:27:00 2017,5.5,2.0,3.5,False
Wed Feb  8 15:28:00 2017,5.5,2.0,3.5,False
Wed Feb  8 15:29:00 2017,5.437,1.937,3.5,False
Wed Feb  8 15:30:00 2017,5.437,1.937,3.5,False
Wed Feb  8 15:31:00 2017,5.375,1.937,3.438,False
Wed Feb  8 15:32:00 2017,5.375,1.937,3.438,False
Wed Feb  8 15:33:00 2017,5.312,1.875,3.437,False
Wed Feb  8 15:34:00 2017,5.312,1.875,3.437,False
Wed Feb  8 15:35:00 2017,5.25,1.875,3.375,False
Wed Feb  8 15:36:00 2017,5.25,1.875,3.375,False
Wed Feb  8 15:37:00 2017,5.187,1.875,3.312,False
Wed Feb  8 15:38:00 2017,5.187,1.812,3.375,False
Wed Feb  8 15:39:00 2017,5.187,1.812,3.375,False
Wed Feb  8 15:40:00 2017,5.125,1.812,3.313,False
Wed Feb  8 15:41:00 2017,5.125,1.812,3.313,False
Wed Feb  8 15:42:00 2017,5.062,1.812,3.25,False
Wed Feb  8 15:43:01 2017,5.062,1.812,3.25,False
Wed Feb  8 15:44:01 2017,5.0,1.75,3.25,False
Wed Feb  8 15:45:01 2017,5.0,1.75,3.25,False
Wed Feb  8 15:46:01 2017,4.937,1.75,3.187,False
Wed Feb  8 15:47:01 2017,5.0,1.75,3.25,False
Wed Feb  8 15:48:01 2017,4.937,1.75,3.187,False
Wed Feb  8 15:49:01 2017,4.937,1.75,3.187,False
Wed Feb  8 15:50:01 2017,4.937,1.687,3.25,False
Wed Feb  8 15:51:01 2017,4.875,1.75,3.125,False
Wed Feb  8 15:52:01 2017,4.937,1.687,3.25,False
Wed Feb  8 15:53:01 2017,4.875,1.687,3.188,False
Wed Feb  8 15:54:01 2017,4.875,1.75,3.125,False
Wed Feb  8 15:55:01 2017,4.875,1.687,3.188,False
Wed Feb  8 15:56:01 2017,4.875,1.687,3.188,False
Wed Feb  8 15:57:01 2017,4.875,1.687,3.188,False
Wed Feb  8 15:58:01 2017,4.812,1.687,3.125,False
Wed Feb  8 15:59:01 2017,4.75,1.687,3.063,False
Wed Feb  8 16:00:01 2017,4.75,1.687,3.063,False
Wed Feb  8 16:01:01 2017,4.75,1.687,3.063,False
Wed Feb  8 16:02:01 2017,4.75,1.687,3.063,False
Wed Feb  8 16:03:01 2017,4.687,1.687,3.0,False
Wed Feb  8 16:04:01 2017,4.687,1.687,3.0,False
Wed Feb  8 16:05:01 2017,4.687,1.687,3.0,False
Wed Feb  8 16:06:01 2017,4.687,1.625,3.062,False
Wed Feb  8 16:07:01 2017,4.625,1.625,3.0,False
Wed Feb  8 16:08:01 2017,4.687,1.687,3.0,False
Wed Feb  8 16:09:01 2017,4.687,1.687,3.0,False
Wed Feb  8 16:10:01 2017,4.625,1.625,3.0,False
Wed Feb  8 16:11:01 2017,4.625,1.625,3.0,False
Wed Feb  8 16:12:01 2017,4.625,1.625,3.0,False
Wed Feb  8 16:13:01 2017,4.562,1.625,2.937,False
Wed Feb  8 16:14:01 2017,4.562,1.625,2.937,False
Wed Feb  8 16:15:01 2017,4.562,1.625,2.937,False
Wed Feb  8 16:16:01 2017,4.562,1.625,2.937,False
Wed Feb  8 16:17:01 2017,4.5,1.625,2.875,False
Wed Feb  8 16:18:01 2017,4.5,1.625,2.875,False
Wed Feb  8 16:19:01 2017,4.5,1.625,2.875,False
Wed Feb  8 16:20:01 2017,4.437,1.625,2.812,False
Wed Feb  8 16:21:01 2017,4.437,1.625,2.812,False
Wed Feb  8 16:22:01 2017,4.375,1.625,2.75,False
Wed Feb  8 16:23:01 2017,4.375,1.562,2.813,False
Wed Feb  8 16:24:01 2017,4.375,1.562,2.813,False
Wed Feb  8 16:25:01 2017,4.312,1.562,2.75,False
Wed Feb  8 16:26:01 2017,4.312,1.562,2.75,False
Wed Feb  8 16:27:02 2017,4.25,1.562,2.688,False
Wed Feb  8 16:28:02 2017,4.25,1.562,2.688,False
Wed Feb  8 16:29:02 2017,4.187,1.562,2.625,False
Wed Feb  8 16:30:02 2017,4.187,1.5,2.687,False
Wed Feb  8 16:31:02 2017,4.187,1.562,2.625,False
Wed Feb  8 16:32:02 2017,4.125,1.562,2.563,False
Wed Feb  8 16:33:02 2017,4.125,1.5,2.625,False
Wed Feb  8 16:34:02 2017,4.125,1.5,2.625,False
Wed Feb  8 16:35:02 2017,4.062,1.5,2.562,False
Wed Feb  8 16:36:02 2017,4.062,1.5,2.562,False
Wed Feb  8 16:37:02 2017,4.0,1.5,2.5,False
Wed Feb  8 16:38:02 2017,4.0,1.5,2.5,False
Wed Feb  8 16:39:02 2017,4.0,1.5,2.5,False
Wed Feb  8 16:40:02 2017,3.937,1.5,2.437,False
Wed Feb  8 16:41:02 2017,3.937,1.5,2.437,False
Wed Feb  8 16:42:02 2017,3.937,1.5,2.437,False
Wed Feb  8 16:43:02 2017,3.875,1.5,2.375,False
Wed Feb  8 16:44:02 2017,3.875,1.5,2.375,False
Wed Feb  8 16:45:02 2017,3.812,1.5,2.312,False
Wed Feb  8 16:46:02 2017,3.812,1.5,2.312,False
Wed Feb  8 16:47:02 2017,3.812,1.5,2.312,False
Wed Feb  8 16:48:02 2017,3.812,1.5,2.312,False
Wed Feb  8 16:49:02 2017,3.75,1.5,2.25,False
Wed Feb  8 16:50:02 2017,3.75,1.5,2.25,False
Wed Feb  8 16:51:02 2017,3.75,1.5,2.25,False
Wed Feb  8 16:52:02 2017,3.75,1.5,2.25,False
Wed Feb  8 16:53:02 2017,3.687,1.5,2.187,False
Wed Feb  8 16:54:02 2017,3.687,1.5,2.187,False
Wed Feb  8 16:55:02 2017,3.625,1.5,2.125,False
Wed Feb  8 16:56:02 2017,3.687,1.5,2.187,False
Wed Feb  8 16:57:02 2017,3.625,1.5,2.125,False
Wed Feb  8 16:58:02 2017,3.625,1.5,2.125,False
Wed Feb  8 16:59:02 2017,3.625,1.5,2.125,False
Wed Feb  8 17:00:02 2017,3.625,1.5,2.125,False
Wed Feb  8 17:01:02 2017,3.625,1.5,2.125,False
Wed Feb  8 17:02:02 2017,3.562,1.5,2.062,False
Wed Feb  8 17:03:02 2017,3.562,1.437,2.125,False
Wed Feb  8 17:04:02 2017,3.562,1.5,2.062,False
Wed Feb  8 17:05:02 2017,3.562,1.5,2.062,False
Wed Feb  8 17:06:02 2017,3.562,1.5,2.062,False
Wed Feb  8 17:07:02 2017,3.5,1.5,2.0,False
Wed Feb  8 17:08:02 2017,3.5,1.5,2.0,False
Wed Feb  8 17:09:02 2017,3.5,1.5,2.0,False
Wed Feb  8 17:10:02 2017,3.5,1.5,2.0,False
Wed Feb  8 17:11:02 2017,3.5,1.5,2.0,False
Wed Feb  8 17:12:02 2017,3.437,1.5,1.937,False
Wed Feb  8 17:13:03 2017,3.437,1.5,1.937,False
Wed Feb  8 17:14:03 2017,3.437,1.5,1.937,False
Wed Feb  8 17:15:03 2017,3.437,1.5,1.937,False
Wed Feb  8 17:16:03 2017,3.437,1.5,1.937,False
Wed Feb  8 17:17:03 2017,3.437,1.5,1.937,False
Wed Feb  8 17:18:03 2017,3.437,1.5,1.937,False
Wed Feb  8 17:19:03 2017,3.437,1.5,1.937,False
Wed Feb  8 17:20:03 2017,3.375,1.5,1.875,False
Wed Feb  8 17:21:03 2017,3.375,1.5,1.875,False
Wed Feb  8 17:22:03 2017,3.375,1.5,1.875,False
Wed Feb  8 17:23:03 2017,3.375,1.5,1.875,False
Wed Feb  8 17:24:03 2017,3.375,1.5,1.875,False
Wed Feb  8 17:25:03 2017,3.312,1.5,1.812,False
Wed Feb  8 17:26:03 2017,3.312,1.5,1.812,False
Wed Feb  8 17:27:03 2017,3.312,1.5,1.812,False
Wed Feb  8 17:28:03 2017,3.312,1.5,1.812,False
Wed Feb  8 17:29:03 2017,3.312,1.5,1.812,False
Wed Feb  8 17:30:03 2017,3.312,1.5,1.812,False
Wed Feb  8 17:31:03 2017,3.312,1.5,1.812,False
Wed Feb  8 17:32:03 2017,3.25,1.5,1.75,False
Wed Feb  8 17:33:03 2017,3.312,1.5,1.812,False
Wed Feb  8 17:34:03 2017,3.312,1.5,1.812,False
Wed Feb  8 17:35:03 2017,3.25,1.5,1.75,False
Wed Feb  8 17:36:03 2017,3.25,1.5,1.75,False
Wed Feb  8 17:37:03 2017,3.25,1.5,1.75,False
Wed Feb  8 17:38:03 2017,3.25,1.5,1.75,False
Wed Feb  8 17:39:03 2017,3.25,1.5,1.75,False
Wed Feb  8 17:40:03 2017,3.25,1.5,1.75,False
Wed Feb  8 17:41:03 2017,3.25,1.5,1.75,False
Wed Feb  8 17:42:03 2017,3.187,1.5,1.687,False
Wed Feb  8 17:43:03 2017,3.187,1.5,1.687,False
Wed Feb  8 17:44:03 2017,3.187,1.5,1.687,False
Wed Feb  8 17:45:03 2017,3.187,1.5,1.687,False
Wed Feb  8 17:46:03 2017,3.187,1.5,1.687,False
Wed Feb  8 17:47:03 2017,3.187,1.5,1.687,False
Wed Feb  8 17:48:03 2017,3.187,1.562,1.625,False
Wed Feb  8 17:49:03 2017,3.187,1.562,1.625,False
Wed Feb  8 17:50:03 2017,3.187,1.562,1.625,False
Wed Feb  8 17:51:03 2017,3.187,1.562,1.625,False
Wed Feb  8 17:52:03 2017,3.187,1.562,1.625,False
Wed Feb  8 17:53:03 2017,3.187,1.562,1.625,False
Wed Feb  8 17:54:04 2017,3.187,1.562,1.625,False
Wed Feb  8 17:55:04 2017,3.187,1.562,1.625,False
Wed Feb  8 17:56:04 2017,3.187,1.562,1.625,False
Wed Feb  8 17:57:04 2017,3.187,1.5,1.687,False
Wed Feb  8 17:58:04 2017,3.25,1.562,1.688,False
Wed Feb  8 17:59:04 2017,3.25,1.562,1.688,False
Wed Feb  8 18:00:04 2017,3.25,1.5,1.75,False
Wed Feb  8 18:01:04 2017,3.25,1.562,1.688,False
Wed Feb  8 18:02:04 2017,3.25,1.5,1.75,False
Wed Feb  8 18:03:04 2017,3.25,1.562,1.688,False
Wed Feb  8 18:04:04 2017,3.312,1.562,1.75,False
Wed Feb  8 18:05:04 2017,3.312,1.562,1.75,False
Wed Feb  8 18:06:04 2017,3.312,1.562,1.75,False
Wed Feb  8 18:07:04 2017,3.312,1.562,1.75,False
Wed Feb  8 18:08:04 2017,3.312,1.562,1.75,False
Wed Feb  8 18:09:04 2017,3.312,1.562,1.75,False
Wed Feb  8 18:10:04 2017,3.312,1.562,1.75,False
Wed Feb  8 18:11:04 2017,3.375,1.562,1.813,False
Wed Feb  8 18:12:04 2017,3.375,1.562,1.813,False
Wed Feb  8 18:13:04 2017,3.312,1.562,1.75,False
Wed Feb  8 18:14:04 2017,3.375,1.562,1.813,False
Wed Feb  8 18:15:04 2017,3.375,1.562,1.813,False
Wed Feb  8 18:16:04 2017,3.375,1.562,1.813,False
Wed Feb  8 18:17:04 2017,3.375,1.562,1.813,False
Wed Feb  8 18:18:04 2017,3.375,1.562,1.813,False
Wed Feb  8 18:19:04 2017,3.375,1.562,1.813,False
Wed Feb  8 18:20:04 2017,3.375,1.562,1.813,False
Wed Feb  8 18:21:04 2017,3.375,1.562,1.813,False
Wed Feb  8 18:22:04 2017,3.375,1.562,1.813,False
Wed Feb  8 18:23:04 2017,3.375,1.562,1.813,False
Wed Feb  8 18:24:04 2017,3.375,1.562,1.813,False
Wed Feb  8 18:25:04 2017,3.375,1.562,1.813,False
Wed Feb  8 18:26:04 2017,3.375,1.562,1.813,False
Wed Feb  8 18:27:04 2017,3.375,1.562,1.813,False
Wed Feb  8 18:28:04 2017,3.375,1.562,1.813,False
Wed Feb  8 18:29:04 2017,3.375,1.562,1.813,False
Wed Feb  8 18:30:04 2017,3.375,1.562,1.813,False
Wed Feb  8 18:31:04 2017,3.375,1.562,1.813,False
Wed Feb  8 18:32:04 2017,3.375,1.625,1.75,False
Wed Feb  8 18:33:04 2017,3.375,1.562,1.813,False
Wed Feb  8 18:34:05 2017,3.375,1.625,1.75,False
Wed Feb  8 18:35:05 2017,3.375,1.562,1.813,False
Wed Feb  8 18:36:05 2017,3.375,1.562,1.813,False
Wed Feb  8 18:37:05 2017,3.375,1.625,1.75,False
Wed Feb  8 18:38:05 2017,3.375,1.562,1.813,False
Wed Feb  8 18:39:05 2017,3.375,1.562,1.813,False
Wed Feb  8 18:40:05 2017,3.375,1.625,1.75,False
Wed Feb  8 18:41:05 2017,3.312,1.562,1.75,False
Wed Feb  8 18:42:05 2017,3.375,1.625,1.75,False
Wed Feb  8 18:43:05 2017,3.375,1.625,1.75,False
Wed Feb  8 18:44:05 2017,3.312,1.625,1.687,False
Wed Feb  8 18:45:05 2017,3.375,1.625,1.75,False
Wed Feb  8 18:46:05 2017,3.312,1.625,1.687,False
Wed Feb  8 18:47:05 2017,3.312,1.625,1.687,False
Wed Feb  8 18:48:05 2017,3.312,1.625,1.687,False
Wed Feb  8 18:49:05 2017,3.312,1.625,1.687,False
Wed Feb  8 18:50:05 2017,3.312,1.625,1.687,False
Wed Feb  8 18:51:05 2017,3.312,1.625,1.687,False
Wed Feb  8 18:52:05 2017,3.312,1.625,1.687,False
Wed Feb  8 18:53:05 2017,3.312,1.625,1.687,False
Wed Feb  8 18:54:05 2017,3.312,1.625,1.687,False
Wed Feb  8 18:55:05 2017,3.312,1.625,1.687,False
Wed Feb  8 18:56:05 2017,3.312,1.625,1.687,False
Wed Feb  8 18:57:05 2017,3.312,1.625,1.687,False
Wed Feb  8 18:58:05 2017,3.312,1.625,1.687,False
Wed Feb  8 18:59:05 2017,3.25,1.625,1.625,False
Wed Feb  8 19:00:05 2017,3.312,1.625,1.687,False
Wed Feb  8 19:01:05 2017,3.25,1.625,1.625,False
Wed Feb  8 19:02:05 2017,3.25,1.625,1.625,False
Wed Feb  8 19:03:05 2017,3.312,1.625,1.687,False
Wed Feb  8 19:04:05 2017,3.25,1.625,1.625,False
Wed Feb  8 19:05:05 2017,3.25,1.625,1.625,False
Wed Feb  8 19:06:05 2017,3.25,1.625,1.625,False
Wed Feb  8 19:07:05 2017,3.312,1.625,1.687,False
Wed Feb  8 19:08:05 2017,3.25,1.625,1.625,False
Wed Feb  8 19:09:05 2017,3.25,1.625,1.625,False
Wed Feb  8 19:10:05 2017,3.25,1.687,1.563,False
Wed Feb  8 19:11:05 2017,3.25,1.687,1.563,False
Wed Feb  8 19:12:05 2017,3.25,1.687,1.563,False
Wed Feb  8 19:13:05 2017,3.25,1.625,1.625,False
Wed Feb  8 19:14:05 2017,3.25,1.687,1.563,False
Wed Feb  8 19:15:05 2017,3.25,1.625,1.625,False
Wed Feb  8 19:16:05 2017,3.187,1.687,1.5,False
Wed Feb  8 19:17:05 2017,3.187,1.687,1.5,False
Wed Feb  8 19:18:05 2017,3.187,1.687,1.5,False
Wed Feb  8 19:19:05 2017,3.187,1.687,1.5,False
Wed Feb  8 19:20:05 2017,3.125,1.687,1.438,False
Wed Feb  8 19:21:05 2017,3.125,1.687,1.438,False
Wed Feb  8 19:22:05 2017,3.125,1.687,1.438,False
Wed Feb  8 19:23:05 2017,3.125,1.687,1.438,False
Wed Feb  8 19:24:05 2017,3.125,1.687,1.438,False
Wed Feb  8 19:25:05 2017,3.125,1.687,1.438,False
Wed Feb  8 19:26:06 2017,3.125,1.687,1.438,False
Wed Feb  8 19:27:06 2017,3.125,1.687,1.438,False
Wed Feb  8 19:28:06 2017,3.062,1.687,1.375,False
Wed Feb  8 19:29:06 2017,3.125,1.687,1.438,False
Wed Feb  8 19:30:06 2017,3.125,1.687,1.438,False
Wed Feb  8 19:31:06 2017,3.125,1.687,1.438,False
Wed Feb  8 19:32:06 2017,3.125,1.687,1.438,False
Wed Feb  8 19:33:06 2017,3.125,1.687,1.438,False
Wed Feb  8 19:34:06 2017,3.125,1.687,1.438,False
Wed Feb  8 19:35:06 2017,3.125,1.687,1.438,False
Wed Feb  8 19:36:06 2017,3.125,1.75,1.375,False
Wed Feb  8 19:37:06 2017,3.125,1.687,1.438,False
Wed Feb  8 19:38:06 2017,3.062,1.687,1.375,False
Wed Feb  8 19:39:06 2017,3.125,1.687,1.438,False
Wed Feb  8 19:40:06 2017,3.062,1.687,1.375,False
Wed Feb  8 19:41:06 2017,3.125,1.687,1.438,False
Wed Feb  8 19:42:06 2017,3.062,1.75,1.312,False
Wed Feb  8 19:43:06 2017,3.125,1.75,1.375,False
Wed Feb  8 19:44:06 2017,3.125,1.687,1.438,False
Wed Feb  8 19:45:06 2017,3.062,1.687,1.375,False
Wed Feb  8 19:46:06 2017,3.125,1.687,1.438,False
Wed Feb  8 19:47:06 2017,3.062,1.687,1.375,False
Wed Feb  8 19:48:06 2017,3.062,1.75,1.312,False
Wed Feb  8 19:49:06 2017,3.062,1.75,1.312,False
Wed Feb  8 19:50:06 2017,3.062,1.75,1.312,False
Wed Feb  8 19:51:06 2017,3.062,1.75,1.312,False
Wed Feb  8 19:52:06 2017,3.0,1.75,1.25,False
Wed Feb  8 19:53:06 2017,3.0,1.75,1.25,False
Wed Feb  8 19:54:06 2017,3.0,1.75,1.25,False
Wed Feb  8 19:55:06 2017,2.937,1.75,1.187,False
Wed Feb  8 19:56:06 2017,3.0,1.75,1.25,False
Wed Feb  8 19:57:06 2017,2.937,1.75,1.187,False
Wed Feb  8 19:58:06 2017,2.937,1.75,1.187,False
Wed Feb  8 19:59:06 2017,2.937,1.75,1.187,False
Wed Feb  8 20:00:06 2017,2.875,1.75,1.125,False
Wed Feb  8 20:01:06 2017,2.937,1.75,1.187,False
Wed Feb  8 20:02:06 2017,2.875,1.812,1.063,False
Wed Feb  8 20:03:06 2017,2.875,1.75,1.125,False
Wed Feb  8 20:04:06 2017,2.875,1.75,1.125,False
Wed Feb  8 20:05:06 2017,2.875,1.75,1.125,False
Wed Feb  8 20:06:06 2017,2.875,1.75,1.125,False
Wed Feb  8 20:07:06 2017,2.875,1.75,1.125,False
Wed Feb  8 20:08:06 2017,2.812,1.75,1.062,False
Wed Feb  8 20:09:06 2017,2.812,1.75,1.062,False
Wed Feb  8 20:10:06 2017,2.875,1.75,1.125,False
Wed Feb  8 20:11:06 2017,2.812,1.75,1.062,False
Wed Feb  8 20:12:07 2017,2.812,1.75,1.062,False
Wed Feb  8 20:13:07 2017,2.812,1.75,1.062,False
Wed Feb  8 20:14:07 2017,2.812,1.812,1.0,False
Wed Feb  8 20:15:07 2017,2.812,1.75,1.062,False
Wed Feb  8 20:16:07 2017,2.812,1.75,1.062,False
Wed Feb  8 20:17:07 2017,2.812,1.75,1.062,False
Wed Feb  8 20:18:07 2017,2.812,1.75,1.062,False
Wed Feb  8 20:19:07 2017,2.812,1.812,1.0,False
Wed Feb  8 20:20:07 2017,2.812,1.75,1.062,False
Wed Feb  8 20:21:07 2017,2.812,1.812,1.0,False
Wed Feb  8 20:22:07 2017,2.812,1.75,1.062,False
Wed Feb  8 20:23:07 2017,2.812,1.75,1.062,False
Wed Feb  8 20:24:07 2017,2.875,1.812,1.063,False
Wed Feb  8 20:25:07 2017,2.875,1.812,1.063,False
Wed Feb  8 20:26:07 2017,2.875,1.812,1.063,False
Wed Feb  8 20:27:07 2017,2.875,1.812,1.063,False
Wed Feb  8 20:28:07 2017,2.875,1.812,1.063,False
Wed Feb  8 20:29:07 2017,2.937,1.812,1.125,False
Wed Feb  8 20:30:07 2017,2.875,1.812,1.063,False
Wed Feb  8 20:31:07 2017,2.937,1.812,1.125,False
Wed Feb  8 20:32:07 2017,2.875,1.812,1.063,False
Wed Feb  8 20:33:07 2017,2.875,1.812,1.063,False
Wed Feb  8 20:34:07 2017,2.937,1.812,1.125,False
Wed Feb  8 20:35:07 2017,2.937,1.812,1.125,False
Wed Feb  8 20:36:07 2017,2.937,1.812,1.125,False
Wed Feb  8 20:37:07 2017,2.937,1.812,1.125,False
Wed Feb  8 20:38:07 2017,2.937,1.812,1.125,False
Wed Feb  8 20:39:07 2017,2.937,1.812,1.125,False
Wed Feb  8 20:40:07 2017,2.937,1.812,1.125,False
Wed Feb  8 20:41:07 2017,2.937,1.812,1.125,False
Wed Feb  8 20:42:07 2017,2.937,1.812,1.125,False
Wed Feb  8 20:43:07 2017,2.937,1.812,1.125,False
Wed Feb  8 20:44:07 2017,2.937,1.812,1.125,False
Wed Feb  8 20:45:07 2017,3.0,1.812,1.188,False
Wed Feb  8 20:46:07 2017,2.937,1.812,1.125,False
Wed Feb  8 20:47:07 2017,2.937,1.812,1.125,False
Wed Feb  8 20:48:07 2017,2.937,1.812,1.125,False
Wed Feb  8 20:49:07 2017,3.0,1.812,1.188,False
Wed Feb  8 20:50:07 2017,2.937,1.812,1.125,False
Wed Feb  8 20:51:07 2017,2.937,1.812,1.125,False
Wed Feb  8 20:52:08 2017,2.937,1.812,1.125,False
Wed Feb  8 20:53:08 2017,3.0,1.812,1.188,False
Wed Feb  8 20:54:08 2017,3.0,1.812,1.188,False
Wed Feb  8 20:55:08 2017,2.937,1.812,1.125,False
Wed Feb  8 20:56:08 2017,3.0,1.875,1.125,False
Wed Feb  8 20:57:08 2017,3.0,1.875,1.125,False
Wed Feb  8 20:58:08 2017,3.0,1.875,1.125,False
Wed Feb  8 20:59:08 2017,3.0,1.875,1.125,False
Wed Feb  8 21:00:08 2017,3.0,1.875,1.125,False
Wed Feb  8 21:01:08 2017,2.937,1.812,1.125,False
Wed Feb  8 21:02:08 2017,2.937,1.875,1.062,False
Wed Feb  8 21:03:08 2017,2.937,1.875,1.062,False
Wed Feb  8 21:04:08 2017,2.937,1.812,1.125,False
Wed Feb  8 21:05:08 2017,2.937,1.812,1.125,False
Wed Feb  8 21:06:08 2017,3.0,1.875,1.125,False
Wed Feb  8 21:07:08 2017,2.937,1.812,1.125,False
Wed Feb  8 21:08:08 2017,2.937,1.812,1.125,False
Wed Feb  8 21:09:08 2017,2.937,1.875,1.062,False
Wed Feb  8 21:10:08 2017,2.937,1.875,1.062,False
Wed Feb  8 21:11:08 2017,3.0,1.875,1.125,False
Wed Feb  8 21:12:08 2017,3.0,1.875,1.125,False
Wed Feb  8 21:13:08 2017,2.937,1.875,1.062,False
Wed Feb  8 21:14:08 2017,2.937,1.875,1.062,False
Wed Feb  8 21:15:08 2017,3.0,1.875,1.125,False
Wed Feb  8 21:16:08 2017,2.937,1.875,1.062,False
Wed Feb  8 21:17:08 2017,2.937,1.875,1.062,False
Wed Feb  8 21:18:08 2017,2.937,1.812,1.125,False
Wed Feb  8 21:19:08 2017,3.0,1.875,1.125,False
Wed Feb  8 21:20:08 2017,2.937,1.875,1.062,False
Wed Feb  8 21:21:08 2017,2.937,1.875,1.062,False
Wed Feb  8 21:22:08 2017,2.937,1.875,1.062,False
Wed Feb  8 21:23:08 2017,2.937,1.875,1.062,False
Wed Feb  8 21:24:08 2017,2.937,1.875,1.062,False
Wed Feb  8 21:25:08 2017,2.937,1.875,1.062,False
Wed Feb  8 21:26:08 2017,2.937,1.875,1.062,False
Wed Feb  8 21:27:08 2017,3.0,1.875,1.125,False
Wed Feb  8 21:28:08 2017,2.937,1.875,1.062,False
Wed Feb  8 21:29:08 2017,2.937,1.875,1.062,False
Wed Feb  8 21:30:08 2017,2.937,1.875,1.062,False
Wed Feb  8 21:31:08 2017,2.937,1.875,1.062,False
Wed Feb  8 21:32:08 2017,2.937,1.875,1.062,False
Wed Feb  8 21:33:08 2017,2.937,1.875,1.062,False
Wed Feb  8 21:34:09 2017,2.937,1.875,1.062,False
Wed Feb  8 21:35:09 2017,2.937,1.875,1.062,False
Wed Feb  8 21:36:09 2017,2.937,1.875,1.062,False
Wed Feb  8 21:37:09 2017,2.937,1.875,1.062,False
Wed Feb  8 21:38:09 2017,2.937,1.875,1.062,False
Wed Feb  8 21:39:09 2017,2.937,1.875,1.062,False
Wed Feb  8 21:40:09 2017,2.937,1.875,1.062,False
Wed Feb  8 21:41:09 2017,2.937,1.875,1.062,False
Wed Feb  8 21:42:09 2017,2.937,1.875,1.062,False
Wed Feb  8 21:43:09 2017,2.937,1.875,1.062,False
Wed Feb  8 21:44:09 2017,2.937,1.875,1.062,False
Wed Feb  8 21:45:09 2017,2.937,1.875,1.062,False
Wed Feb  8 21:46:09 2017,2.937,1.875,1.062,False
Wed Feb  8 21:47:09 2017,2.937,1.875,1.062,False
Wed Feb  8 21:48:09 2017,2.937,1.937,1.0,False
Wed Feb  8 21:49:09 2017,2.937,1.875,1.062,False
Wed Feb  8 21:50:09 2017,2.937,1.937,1.0,False
Wed Feb  8 21:51:09 2017,2.937,1.875,1.062,False
Wed Feb  8 21:52:09 2017,2.937,1.875,1.062,False
Wed Feb  8 21:53:09 2017,2.937,1.875,1.062,False
Wed Feb  8 21:54:09 2017,2.875,1.937,0.938,False
Wed Feb  8 21:55:09 2017,2.937,1.875,1.062,False
Wed Feb  8 21:56:09 2017,2.875,1.875,1.0,False
Wed Feb  8 21:57:09 2017,2.937,1.937,1.0,False
Wed Feb  8 21:58:09 2017,2.875,1.875,1.0,False
Wed Feb  8 21:59:09 2017,2.875,1.875,1.0,False
Wed Feb  8 22:00:09 2017,2.875,1.875,1.0,False
Wed Feb  8 22:01:09 2017,2.875,1.875,1.0,False
Wed Feb  8 22:02:09 2017,2.875,1.875,1.0,False
Wed Feb  8 22:03:09 2017,2.875,1.937,0.938,False
Wed Feb  8 22:04:09 2017,2.875,1.875,1.0,False
Wed Feb  8 22:05:09 2017,2.875,1.937,0.938,False
Wed Feb  8 22:06:09 2017,2.875,1.875,1.0,False
Wed Feb  8 22:07:09 2017,2.875,1.937,0.938,False
Wed Feb  8 22:08:09 2017,2.875,1.937,0.938,False
Wed Feb  8 22:09:09 2017,2.812,1.937,0.875,False
Wed Feb  8 22:10:09 2017,2.875,1.937,0.938,False
Wed Feb  8 22:11:09 2017,2.875,1.937,0.938,False
Wed Feb  8 22:12:09 2017,2.812,1.937,0.875,False
Wed Feb  8 22:13:10 2017,2.812,1.937,0.875,False
Wed Feb  8 22:14:10 2017,2.812,1.937,0.875,False
Wed Feb  8 22:15:10 2017,2.812,1.937,0.875,False
Wed Feb  8 22:16:10 2017,2.812,1.937,0.875,False
Wed Feb  8 22:17:10 2017,2.812,1.937,0.875,False
Wed Feb  8 22:18:10 2017,2.812,1.875,0.937,False
Wed Feb  8 22:19:10 2017,2.812,1.937,0.875,False
Wed Feb  8 22:20:10 2017,2.812,1.937,0.875,False
Wed Feb  8 22:21:10 2017,2.812,1.937,0.875,False
Wed Feb  8 22:22:10 2017,2.812,1.937,0.875,False
Wed Feb  8 22:23:10 2017,2.812,1.937,0.875,False
Wed Feb  8 22:24:10 2017,2.812,1.937,0.875,False
Wed Feb  8 22:25:10 2017,2.812,1.937,0.875,False
Wed Feb  8 22:26:10 2017,2.75,1.937,0.813,False
Wed Feb  8 22:27:10 2017,2.75,1.937,0.813,False
Wed Feb  8 22:28:10 2017,2.75,1.937,0.813,False
Wed Feb  8 22:29:10 2017,2.75,1.937,0.813,False
Wed Feb  8 22:30:10 2017,2.75,1.937,0.813,False
Wed Feb  8 22:31:10 2017,2.75,1.937,0.813,False
Wed Feb  8 22:32:10 2017,2.75,1.937,0.813,False
Wed Feb  8 22:33:10 2017,2.75,1.937,0.813,False
Wed Feb  8 22:34:10 2017,2.75,1.937,0.813,False
Wed Feb  8 22:35:10 2017,2.687,1.937,0.75,False
Wed Feb  8 22:36:10 2017,2.687,1.937,0.75,False
Wed Feb  8 22:37:10 2017,2.75,1.937,0.813,False
Wed Feb  8 22:38:10 2017,2.687,1.937,0.75,False
Wed Feb  8 22:39:10 2017,2.687,1.937,0.75,False
Wed Feb  8 22:40:10 2017,2.75,1.937,0.813,False
Wed Feb  8 22:41:10 2017,2.687,1.937,0.75,False
Wed Feb  8 22:42:10 2017,2.687,1.937,0.75,False
Wed Feb  8 22:43:10 2017,2.687,1.937,0.75,False
Wed Feb  8 22:44:10 2017,2.687,1.937,0.75,False
Wed Feb  8 22:45:10 2017,2.687,1.937,0.75,False
Wed Feb  8 22:46:10 2017,2.687,1.937,0.75,False
Wed Feb  8 22:47:10 2017,2.687,1.937,0.75,False
Wed Feb  8 22:48:11 2017,2.687,1.937,0.75,False
Wed Feb  8 22:49:11 2017,2.687,1.937,0.75,False
Wed Feb  8 22:50:11 2017,2.687,1.937,0.75,False
Wed Feb  8 22:51:11 2017,2.687,1.937,0.75,False
Wed Feb  8 22:52:11 2017,2.625,1.937,0.688,False
Wed Feb  8 22:53:11 2017,2.687,1.937,0.75,False
Wed Feb  8 22:54:11 2017,2.625,1.937,0.688,False
Wed Feb  8 22:55:11 2017,2.625,1.937,0.688,False
Wed Feb  8 22:56:11 2017,2.625,1.937,0.688,False
Wed Feb  8 22:57:11 2017,2.625,1.937,0.688,False
Wed Feb  8 22:58:11 2017,2.625,1.937,0.688,False
Wed Feb  8 22:59:11 2017,2.625,1.937,0.688,False
Wed Feb  8 23:00:11 2017,2.625,1.937,0.688,False
Wed Feb  8 23:01:11 2017,2.625,1.937,0.688,False
Wed Feb  8 23:02:11 2017,2.625,1.937,0.688,False
Wed Feb  8 23:03:11 2017,2.625,1.937,0.688,False
Wed Feb  8 23:04:11 2017,2.625,1.937,0.688,False
Wed Feb  8 23:05:11 2017,2.625,1.937,0.688,False
Wed Feb  8 23:06:11 2017,2.625,1.937,0.688,False
Wed Feb  8 23:07:11 2017,2.625,1.937,0.688,False
Wed Feb  8 23:08:11 2017,2.625,1.937,0.688,False
Wed Feb  8 23:09:11 2017,2.625,1.937,0.688,False
Wed Feb  8 23:10:11 2017,2.625,1.937,0.688,False
Wed Feb  8 23:11:11 2017,2.625,1.937,0.688,False
Wed Feb  8 23:12:11 2017,2.625,1.937,0.688,False
Wed Feb  8 23:13:11 2017,2.625,1.937,0.688,False
Wed Feb  8 23:14:11 2017,2.625,1.937,0.688,False
Wed Feb  8 23:15:11 2017,2.625,1.937,0.688,False
Wed Feb  8 23:16:11 2017,2.625,1.937,0.688,False
Wed Feb  8 23:17:11 2017,2.625,1.937,0.688,False
Wed Feb  8 23:18:11 2017,2.625,1.937,0.688,False
Wed Feb  8 23:19:11 2017,2.625,1.937,0.688,False
Wed Feb  8 23:20:11 2017,2.625,1.937,0.688,False
Wed Feb  8 23:21:11 2017,2.625,1.937,0.688,False
Wed Feb  8 23:22:11 2017,2.625,2.0,0.625,False
Wed Feb  8 23:23:11 2017,2.625,1.937,0.688,False
Wed Feb  8 23:24:11 2017,2.625,1.937,0.688,False
Wed Feb  8 23:25:11 2017,2.625,1.937,0.688,False
Wed Feb  8 23:26:11 2017,2.625,1.937,0.688,False
Wed Feb  8 23:27:11 2017,2.625,1.937,0.688,False
Wed Feb  8 23:28:11 2017,2.625,1.937,0.688,False
Wed Feb  8 23:29:11 2017,2.625,1.937,0.688,False
Wed Feb  8 23:30:11 2017,2.562,1.937,0.625,False
Wed Feb  8 23:31:12 2017,2.562,1.937,0.625,False
Wed Feb  8 23:32:12 2017,2.625,1.937,0.688,False
Wed Feb  8 23:33:12 2017,2.562,1.937,0.625,False
Wed Feb  8 23:34:12 2017,2.625,1.937,0.688,False
Wed Feb  8 23:35:12 2017,2.562,1.937,0.625,False
Wed Feb  8 23:36:12 2017,2.562,2.0,0.562,False
Wed Feb  8 23:37:12 2017,2.562,1.937,0.625,False
Wed Feb  8 23:38:12 2017,2.562,1.937,0.625,False
Wed Feb  8 23:39:12 2017,2.562,1.937,0.625,False
Wed Feb  8 23:40:12 2017,2.562,1.937,0.625,False
Wed Feb  8 23:41:12 2017,2.562,1.937,0.625,False
Wed Feb  8 23:42:12 2017,2.562,1.937,0.625,False
Wed Feb  8 23:43:12 2017,2.562,1.937,0.625,False
Wed Feb  8 23:44:12 2017,2.562,1.937,0.625,False
Wed Feb  8 23:45:12 2017,2.562,1.937,0.625,False
Wed Feb  8 23:46:12 2017,2.562,1.937,0.625,False
Wed Feb  8 23:47:12 2017,2.562,2.0,0.562,False
Wed Feb  8 23:48:12 2017,2.562,1.937,0.625,False
Wed Feb  8 23:49:12 2017,2.562,1.937,0.625,False
Wed Feb  8 23:50:12 2017,2.562,1.937,0.625,False
Wed Feb  8 23:51:12 2017,2.562,1.937,0.625,False
Wed Feb  8 23:52:12 2017,2.562,1.937,0.625,False
Wed Feb  8 23:53:12 2017,2.5,1.937,0.563,False
Wed Feb  8 23:54:12 2017,2.562,1.937,0.625,False
Wed Feb  8 23:55:12 2017,2.5,1.937,0.563,False
Wed Feb  8 23:56:12 2017,2.5,1.937,0.563,False
Wed Feb  8 23:57:12 2017,2.5,1.937,0.563,False
Wed Feb  8 23:58:12 2017,2.5,1.937,0.563,False
Wed Feb  8 23:59:12 2017,2.5,1.937,0.563,False
